Episode,Step,x,y,z,facing,action code,outcome
0,0,0,0,0,east,009,-2
0,1,0,0,0,east,009,-2
0,2,0,0,0,east,009,-2
0,3,0,0,0,east,010,-2
0,4,1,0,0,east,001,1
0,5,1,0,0,south,006,1
0,6,1,0,1,south,001,1
0,7,1,0,1,north,007,1
0,8,1,0,1,north,009,-2
0,9,1,0,1,north,008,-1
0,10,1,0,1,north,010,-2
0,11,1,0,2,north,002,1
0,12,1,0,2,north,008,-1
0,13,1,0,2,east,006,1
0,14,1,0,2,west,007,1
0,15,1,0,2,east,007,1
0,16,1,0,2,east,009,-2
0,17,1,0,2,east,008,-1
0,18,1,0,2,east,010,-2
0,19,1,0,2,east,010,-2
0,20,1,0,2,east,009,-2
0,21,1,0,2,east,008,-1
0,22,1,0,2,east,008,-1
0,23,1,0,2,east,008,-1
0,24,1,0,2,east,008,-1
0,25,0,0,2,east,002,1
0,26,0,0,2,east,009,-2
0,27,0,0,2,north,005,1
0,28,0,0,2,south,007,1
0,29,0,0,2,south,010,-2
0,30,0,0,1,south,002,1
0,31,0,0,1,north,007,1
0,32,0,0,2,north,002,1
0,33,0,0,2,west,005,1
0,34,0,0,2,west,008,-10
0,35,0,0,2,east,007,1
0,36,0,0,2,west,007,1
0,37,0,0,2,west,009,-10
0,38,0,0,2,west,008,-10
0,39,0,0,2,west,009,-10
0,40,0,0,2,west,009,-10
0,41,0,0,2,west,010,-10
0,42,0,1,2,west,003,1
0,43,1,1,2,west,002,1
0,44,1,1,2,west,009,-2
0,45,1,0,2,west,004,1
0,46,1,0,2,east,007,1
0,47,0,0,2,east,002,1
0,48,0,1,2,east,003,1
0,49,0,2,2,east,003,1
0,50,1,2,2,east,001,1
0,51,1,2,2,east,008,-1
0,52,1,2,2,east,010,-2
0,53,1,2,2,south,006,1
0,54,1,2,2,east,005,1
0,55,1,1,2,east,004,1
0,56,1,1,2,east,010,-2
0,57,0,1,2,east,002,1
0,58,0,1,2,east,009,-2
0,59,0,1,2,east,010,-2
0,60,0,1,2,east,002,-10
0,61,0,2,2,east,003,1
0,62,0,2,2,south,006,1
0,63,0,3,2,south,003,1
0,64,0,2,2,south,004,1
0,65,0,2,3,south,001,1
0,66,0,1,3,south,004,1
0,67,0,1,3,east,005,1
0,68,0,1,3,west,007,1
0,69,0,0,3,west,004,1
0,70,0,0,3,west,009,-10
0,71,0,0,3,west,010,-10
0,72,0,0,3,west,004,-10
0,73,0,0,3,south,005,1
0,74,0,0,3,north,007,1
0,75,0,0,3,north,010,-2
0,76,0,0,2,north,001,1
0,77,0,0,2,north,004,-10
0,78,0,0,2,south,007,1
0,79,0,0,1,south,002,1
0,80,0,0,1,south,010,-2
0,81,0,1,1,south,003,1
0,82,0,1,1,north,007,1
0,83,0,2,1,north,003,1
0,84,0,2,1,north,008,-1
0,85,0,1,1,north,004,1
0,86,0,1,1,west,005,1
0,87,0,1,1,south,005,1
0,88,0,1,1,west,006,1
0,89,0,1,1,south,005,1
0,90,0,1,1,east,005,1
0,91,0,2,1,east,003,1
0,92,0,1,1,east,004,1
0,93,0,1,1,south,006,1
0,94,0,0,1,south,004,1
0,95,0,0,1,north,007,1
0,96,0,0,1,west,005,1
0,97,0,0,1,west,004,-10
0,98,0,0,1,south,005,1
0,99,0,1,1,south,003,1
0,100,0,1,1,south,008,-1
0,101,0,1,2,south,001,1
0,102,0,1,2,north,007,1
0,103,0,2,2,north,003,1
0,104,0,3,2,north,003,1
0,105,0,3,2,north,010,-2
0,106,0,2,2,north,004,1
0,107,0,2,2,north,008,-1
0,108,0,2,2,west,005,1
0,109,0,2,2,east,007,1
0,110,0,2,2,west,007,1
0,111,0,2,2,west,008,-10
0,112,0,1,2,west,004,1
0,113,0,1,2,east,007,1
0,114,0,2,2,east,003,1
0,115,0,2,2,east,009,-2
0,116,0,2,2,south,006,1
0,117,0,2,2,south,010,-2
0,118,0,2,2,south,008,-1
0,119,0,2,2,south,010,-2
0,120,0,2,2,south,008,-1
0,121,0,2,2,south,009,-2
0,122,0,2,3,south,001,1
0,123,0,2,3,east,005,1
0,124,0,2,3,west,007,1
0,125,0,2,3,west,001,-10
0,126,0,2,3,west,009,-10
0,127,0,2,3,west,008,-10
0,128,0,2,3,south,005,1
0,129,0,2,3,south,009,-2
0,130,0,1,3,south,004,1
0,131,0,1,3,east,005,1
0,132,0,1,3,east,008,-1
0,133,0,0,3,east,004,1
0,134,0,0,3,east,002,-10
0,135,0,0,3,west,007,1
0,136,0,0,3,west,010,-10
0,137,0,0,3,west,001,-10
0,138,0,0,3,north,006,1
0,139,0,0,3,north,009,-2
0,140,0,0,4,north,002,1
0,141,0,0,4,east,006,1
0,142,0,0,4,east,004,-10
0,143,0,1,4,east,003,1
0,144,1,1,4,east,001,1
0,145,1,1,4,east,010,-2
0,146,1,0,4,east,004,1
0,147,1,0,4,east,008,-1
0,148,0,0,4,east,002,1
0,149,0,1,4,east,003,1
0,150,0,1,4,north,005,1
0,151,0,1,4,north,009,-2
0,152,0,1,4,east,006,1
0,153,0,1,4,east,002,-10
0,154,0,1,4,east,009,-2
0,155,1,1,4,east,001,1
0,156,2,1,4,east,001,1
0,157,2,1,4,west,007,1
0,158,2,1,4,south,005,1
0,159,2,1,4,north,007,1
0,160,2,1,4,north,010,-2
0,161,2,1,5,north,002,1
0,162,2,1,5,north,010,-2
0,163,2,2,5,north,003,1
0,164,2,2,5,east,006,1
0,165,2,2,5,east,010,-2
0,166,3,2,5,east,001,1
0,167,3,2,5,south,006,1
0,168,3,2,5,south,008,-1
0,169,3,2,5,east,005,1
0,170,3,1,5,east,004,1
0,171,3,1,5,west,007,1
0,172,3,2,5,west,003,1
0,173,3,2,5,north,006,1
0,174,3,2,5,south,007,1
0,175,3,2,5,south,009,-2
0,176,3,2,4,south,002,1
0,177,3,2,3,south,002,1
0,178,3,2,3,north,007,1
0,179,3,2,4,north,002,1
0,180,3,2,4,west,005,1
0,181,3,2,4,west,010,-2
0,182,3,2,4,west,010,-2
0,183,3,2,4,west,010,-2
0,184,4,2,4,west,002,1
0,185,4,3,4,west,003,1
0,186,4,3,4,west,008,-1
0,187,5,3,4,west,002,1
0,188,5,3,4,east,007,1
0,189,5,3,4,east,009,-2
0,190,5,3,4,west,007,1
0,191,5,2,4,west,004,1
0,192,5,2,4,west,009,-2
0,193,5,2,4,west,009,-2
0,194,5,2,4,east,007,1
0,195,5,2,4,west,007,1
0,196,5,2,4,west,009,-2
0,197,5,3,4,west,003,1
0,198,5,4,4,west,003,1
0,199,5,3,4,west,004,1
0,200,5,3,4,west,009,-2
0,201,5,3,4,north,006,1
0,202,5,3,4,north,010,-2
0,203,5,3,4,north,008,-1
0,204,5,3,4,north,008,-1
0,205,5,4,4,north,003,1
0,206,5,4,4,east,006,1
0,207,5,4,4,north,005,1
0,208,5,4,4,east,006,1
0,209,5,4,4,east,009,-2
0,210,5,5,4,east,003,1
0,211,4,5,4,east,002,1
0,212,3,5,4,east,002,1
0,213,3,5,4,east,008,-1
0,214,3,4,4,east,004,1
0,215,3,4,4,south,006,1
0,216,3,4,4,north,007,1
0,217,3,4,5,north,002,1
0,218,3,5,5,north,003,1
0,219,3,5,5,east,006,1
0,220,3,5,5,east,009,-2
0,221,4,5,5,east,001,1
0,222,4,5,5,south,006,1
0,223,4,5,5,west,006,1
0,224,4,5,5,west,010,-2
0,225,4,5,5,east,007,1
0,226,4,5,5,east,008,-1
0,227,5,5,5,east,001,1
0,228,5,6,5,east,003,1
0,229,6,6,5,east,001,1
0,230,6,7,5,east,003,1
0,231,5,7,5,east,002,1
0,232,5,7,5,south,006,1
0,233,5,6,5,south,004,1
0,234,5,6,5,south,009,-2
0,235,5,5,5,south,004,1
0,236,5,5,5,south,010,-2
0,237,5,5,6,south,001,1
0,238,5,5,6,east,005,1
0,239,5,5,6,east,008,-1
0,240,5,5,6,east,009,-2
0,241,6,5,6,east,001,1
0,242,6,5,6,north,005,1
0,243,6,5,6,south,007,1
0,244,6,5,7,south,001,1
0,245,6,5,7,west,006,1
0,246,6,4,7,west,004,1
0,247,6,4,7,south,005,1
0,248,6,4,7,north,007,1
0,249,6,4,7,north,009,-2
0,250,6,3,7,north,004,1
0,251,6,3,7,north,009,-2
0,252,6,4,7,north,003,1
0,253,6,4,7,north,008,-1
0,254,6,4,7,west,005,1
0,255,7,4,7,west,002,1
0,256,7,4,7,south,005,1
0,257,7,4,7,south,010,-2
0,258,7,4,7,west,006,1
0,259,7,4,7,west,009,-2
0,260,6,4,7,west,001,1
0,261,6,3,7,west,004,1
0,262,6,3,7,west,010,-2
0,263,6,3,7,west,010,-2
0,264,6,3,7,west,008,-1
0,265,7,3,7,west,002,1
0,266,7,3,7,west,009,-2
0,267,7,2,7,west,004,1
0,268,7,3,7,west,003,1
0,269,7,3,7,south,005,1
0,270,7,2,7,south,004,1
0,271,7,2,7,south,010,-2
0,272,7,2,7,south,009,-2
0,273,7,2,7,north,007,1
0,274,7,2,7,north,010,-2
0,275,7,1,7,north,004,1
0,276,7,1,7,north,009,-2
0,277,7,1,7,north,008,-1
0,278,7,1,7,north,004,-1
0,279,7,1,7,south,007,1
0,280,7,1,7,east,005,1
0,281,7,1,7,west,007,1
0,282,7,1,7,north,006,1
0,283,7,1,7,north,008,-1
0,284,7,1,7,north,010,-2
0,285,7,2,7,north,003,1
0,286,7,2,7,north,010,-2
0,287,7,2,7,west,005,1
0,288,7,2,7,west,009,-2
0,289,7,1,7,west,004,1
0,290,7,1,7,west,004,-1
0,291,7,1,7,west,009,-2
0,292,7,1,7,west,004,-1
0,293,7,1,7,east,007,1
0,294,7,2,7,east,003,1
0,295,7,3,7,east,003,1
0,296,7,3,7,east,010,-2
0,297,7,3,7,east,009,-2
0,298,7,3,7,east,009,-2
0,299,7,3,7,west,007,1
0,300,7,3,7,east,007,1
0,301,8,3,7,east,001,1
0,302,8,3,7,west,007,1
0,303,8,3,7,north,006,1
0,304,8,3,7,north,010,-2
0,305,8,3,7,north,009,-2
0,306,8,3,7,south,007,1
0,307,8,3,7,south,008,-1
0,308,8,3,7,south,010,-2
0,309,8,3,8,south,001,1
0,310,8,4,8,south,003,1
0,311,8,5,8,south,003,1
0,312,8,5,8,north,007,1
0,313,8,5,9,north,002,1
0,314,8,5,9,east,006,1
0,315,8,5,9,east,010,-2
0,316,8,5,9,north,005,1
0,317,8,5,9,north,008,-1
0,318,8,5,9,north,010,-2
0,319,8,5,9,north,010,-2
0,320,8,5,10,north,002,1
0,321,8,5,10,east,006,1
0,322,8,5,10,east,008,-1
0,323,8,4,10,east,004,1
0,324,8,3,10,east,004,1
0,325,9,3,10,east,001,1
0,326,9,3,10,east,008,-1
0,327,9,4,10,east,003,1
0,328,9,4,10,east,008,-1
0,329,9,4,10,east,010,-2
0,330,9,3,10,east,004,1
0,331,9,3,10,south,006,1
0,332,9,2,10,south,004,1
0,333,9,2,10,south,008,-1
0,334,9,2,10,west,006,1
0,335,9,2,10,west,010,-2
0,336,9,2,10,west,009,-2
0,337,10,2,10,west,002,1
0,338,9,2,10,west,001,1
0,339,9,1,10,west,004,1
0,340,9,1,10,west,009,-2
0,341,9,1,10,east,007,1
0,342,8,1,10,east,002,1
0,343,8,1,10,east,009,-2
0,344,8,2,10,east,003,1
0,345,8,2,10,east,008,-1
0,346,8,2,10,north,005,1
0,347,8,2,11,north,002,1
0,348,8,2,11,west,005,1
0,349,8,2,11,west,008,-1
0,350,8,2,11,north,006,1
0,351,8,2,11,east,006,1
0,352,8,2,11,north,005,1
0,353,8,2,11,north,009,-2
0,354,8,2,12,north,002,1
0,355,8,2,12,north,009,-2
0,356,8,2,12,south,007,1
0,357,8,2,13,south,001,1
0,358,8,2,13,south,010,-2
0,359,8,2,13,south,009,-2
0,360,8,2,13,south,010,-2
0,361,8,2,13,south,009,-2
0,362,8,1,13,south,004,1
0,363,8,1,12,south,002,1
0,364,8,1,12,south,009,-2
0,365,8,0,12,south,004,1
0,366,8,0,12,south,008,-1
0,367,8,0,12,north,007,1
0,368,8,1,12,north,003,1
0,369,8,1,11,north,001,1
0,370,8,1,10,north,001,1
0,371,8,1,11,north,002,1
0,372,8,1,11,north,009,-2
0,373,8,1,11,west,005,1
0,374,7,1,11,west,001,1
0,375,7,1,11,north,006,1
0,376,7,1,11,north,010,-2
0,377,7,1,11,north,010,-2
0,378,7,1,11,south,007,1
0,379,7,1,10,south,002,1
0,380,7,1,10,south,010,-2
0,381,7,1,10,south,008,-1
0,382,7,1,10,north,007,1
0,383,7,0,10,north,004,1
0,384,7,0,10,north,010,-2
0,385,7,0,9,north,001,1
0,386,7,0,10,north,002,1
0,387,7,1,10,north,003,1
0,388,7,1,10,north,009,-2
0,389,7,0,10,north,004,1
0,390,7,0,10,north,009,-2
0,391,7,0,9,north,001,1
0,392,7,0,9,north,009,-3
0,393,7,1,9,north,003,1
0,394,7,1,9,west,005,1
0,395,6,1,9,west,001,1
0,396,5,1,9,west,001,1
0,397,5,1,9,south,005,1
0,398,5,1,9,south,010,-2
0,399,5,1,9,east,005,1
1,0,0,0,0,west,007,1
1,1,1,0,0,west,002,1
1,2,1,0,0,east,007,1
1,3,1,1,0,east,003,1
1,4,0,1,0,east,002,1
1,5,0,2,0,east,003,1
1,6,0,2,0,east,010,-2
1,7,0,2,0,west,007,1
1,8,0,2,0,south,005,1
1,9,0,2,1,south,001,1
1,10,0,3,1,south,003,1
1,11,0,3,2,south,001,1
1,12,0,4,2,south,003,1
1,13,0,4,2,west,006,1
1,14,0,4,2,north,006,1
1,15,0,4,2,north,009,-2
1,16,0,4,2,north,008,-1
1,17,0,4,2,north,009,-2
1,18,0,4,2,north,010,-2
1,19,0,4,2,north,009,-2
1,20,0,4,2,north,009,-2
1,21,0,5,2,north,003,1
1,22,0,5,2,north,009,-2
1,23,0,5,2,west,005,1
1,24,0,5,2,west,001,-10
1,25,0,5,2,west,001,-10
1,26,0,5,2,north,006,1
1,27,0,4,2,north,004,1
1,28,0,4,2,south,007,1
1,29,0,4,2,south,009,-2
1,30,0,5,2,south,003,1
1,31,0,5,2,west,006,1
1,32,0,5,2,north,006,1
1,33,0,5,3,north,002,1
1,34,0,5,3,north,010,-2
1,35,0,6,3,north,003,1
1,36,0,6,3,west,005,1
1,37,0,6,3,west,009,-10
1,38,0,6,3,north,006,1
1,39,0,5,3,north,004,1
1,40,0,5,4,north,002,1
1,41,0,5,4,north,008,-1
1,42,0,5,4,north,009,-2
1,43,0,5,4,east,006,1
1,44,0,5,4,east,009,-2
1,45,0,5,4,south,006,1
1,46,0,5,5,south,001,1
1,47,0,4,5,south,004,1
1,48,0,4,4,south,002,1
1,49,0,4,4,west,006,1
1,50,0,4,4,south,005,1
1,51,0,4,4,south,010,-2
1,52,0,4,4,north,007,1
1,53,0,4,4,north,009,-2
1,54,0,4,4,north,008,-1
1,55,0,4,3,north,001,1
1,56,0,3,3,north,004,1
1,57,0,3,3,south,007,1
1,58,0,2,3,south,004,1
1,59,0,2,2,south,002,1
1,60,0,2,2,west,006,1
1,61,0,2,2,west,009,-10
1,62,0,3,2,west,003,1
1,63,0,3,2,west,009,-10
1,64,0,2,2,west,004,1
1,65,0,2,2,east,007,1
1,66,0,2,2,east,009,-2
1,67,0,2,2,north,005,1
1,68,0,3,2,north,003,1
1,69,0,3,2,north,010,-2
1,70,0,3,3,north,002,1
1,71,0,2,3,north,004,1
1,72,0,2,3,north,010,-2
1,73,0,2,2,north,001,1
1,74,0,3,2,north,003,1
1,75,0,3,3,north,002,1
1,76,0,3,3,north,009,-2
1,77,0,3,3,north,009,-2
1,78,0,3,3,east,006,1
1,79,0,3,3,north,005,1
1,80,0,3,3,north,008,-1
1,81,0,3,3,north,010,-2
1,82,0,3,3,west,005,1
1,83,0,3,3,east,007,1
1,84,0,3,3,east,009,-2
1,85,0,3,3,east,009,-2
1,86,0,3,3,east,008,-1
1,87,0,3,3,east,010,-2
1,88,0,3,3,north,005,1
1,89,0,3,3,north,010,-2
1,90,0,3,3,north,010,-2
1,91,0,3,3,north,009,-2
1,92,0,3,3,north,008,-1
1,93,0,3,3,west,005,1
1,94,0,2,3,west,004,1
1,95,0,2,3,west,008,-10
1,96,0,3,3,west,003,1
1,97,0,2,3,west,004,1
1,98,0,2,3,north,006,1
1,99,0,2,3,north,010,-2
1,100,0,2,3,north,009,-2
1,101,0,2,3,north,009,-2
1,102,0,2,3,north,009,-2
1,103,0,2,3,west,005,1
1,104,0,2,3,west,009,-10
1,105,0,2,3,west,008,-10
1,106,0,2,3,south,005,1
1,107,0,2,3,west,006,1
1,108,0,2,3,west,010,-10
1,109,0,2,3,east,007,1
1,110,0,1,3,east,004,1
1,111,1,1,3,east,001,1
1,112,1,1,3,east,008,-1
1,113,1,1,3,east,009,-2
1,114,1,0,3,east,004,1
1,115,1,0,3,west,007,1
1,116,1,0,3,west,009,-2
1,117,1,0,3,west,008,-1
1,118,1,1,3,west,003,1
1,119,2,1,3,west,002,1
1,120,2,1,3,south,005,1
1,121,2,1,3,east,005,1
1,122,2,1,3,east,009,-2
1,123,2,1,3,east,010,-2
1,124,3,1,3,east,001,1
1,125,4,1,3,east,001,1
1,126,4,1,3,north,005,1
1,127,4,1,3,north,010,-2
1,128,4,1,3,east,006,1
1,129,4,1,3,west,007,1
1,130,4,1,3,west,010,-2
1,131,4,2,3,west,003,1
1,132,4,2,3,north,006,1
1,133,4,2,3,west,005,1
1,134,5,2,3,west,002,1
1,135,5,2,3,west,009,-2
1,136,5,2,3,east,007,1
1,137,5,2,3,east,009,-2
1,138,5,2,3,east,009,-2
1,139,5,2,3,south,006,1
1,140,5,2,4,south,001,1
1,141,5,2,4,south,010,-2
1,142,5,2,4,south,010,-2
1,143,5,2,4,south,008,-1
1,144,5,2,3,south,002,1
1,145,5,2,3,north,007,1
1,146,5,2,2,north,001,1
1,147,5,2,2,north,008,-1
1,148,5,2,2,west,005,1
1,149,5,2,2,east,007,1
1,150,5,2,2,north,005,1
1,151,5,2,2,north,010,-2
1,152,5,1,2,north,004,1
1,153,5,1,3,north,002,1
1,154,5,1,3,north,009,-2
1,155,5,1,3,north,008,-1
1,156,5,1,3,east,006,1
1,157,5,1,3,south,006,1
1,158,5,0,3,south,004,1
1,159,5,0,3,south,009,-2
1,160,5,0,3,north,007,1
1,161,5,0,3,south,007,1
1,162,5,0,3,west,006,1
1,163,5,0,3,west,009,-2
1,164,5,0,3,west,008,-1
1,165,5,0,3,west,009,-2
1,166,4,0,3,west,001,1
1,167,4,0,3,east,007,1
1,168,4,0,3,east,010,-2
1,169,4,0,3,east,009,-2
1,170,4,0,3,east,004,-10
1,171,4,1,3,east,003,1
1,172,4,1,3,west,007,1
1,173,4,2,3,west,003,1
1,174,4,1,3,west,004,1
1,175,4,0,3,west,004,1
1,176,4,0,3,east,007,1
1,177,4,0,3,north,005,1
1,178,4,0,3,south,007,1
1,179,4,0,2,south,002,1
1,180,4,0,2,west,006,1
1,181,4,0,2,west,008,-1
1,182,4,0,2,west,010,-2
1,183,4,1,2,west,003,1
1,184,4,1,2,west,008,-1
1,185,4,1,2,west,009,-2
1,186,4,1,2,west,010,-2
1,187,4,1,2,west,010,-2
1,188,4,0,2,west,004,1
1,189,4,0,2,west,009,-2
1,190,4,0,2,west,008,-1
1,191,4,0,2,west,008,-1
1,192,3,0,2,west,001,1
1,193,3,1,2,west,003,1
1,194,3,1,2,north,006,1
1,195,3,1,2,north,009,-2
1,196,3,1,2,north,009,-2
1,197,3,1,3,north,002,1
1,198,3,1,3,east,006,1
1,199,3,2,3,east,003,1
1,200,3,2,3,west,007,1
1,201,3,1,3,west,004,1
1,202,3,1,3,west,008,-1
1,203,3,2,3,west,003,1
1,204,3,2,3,west,008,-1
1,205,3,1,3,west,004,1
1,206,3,1,3,west,009,-2
1,207,3,1,3,south,005,1
1,208,3,1,3,south,009,-2
1,209,3,0,3,south,004,1
1,210,3,1,3,south,003,1
1,211,3,1,3,north,007,1
1,212,3,1,3,north,008,-1
1,213,3,1,2,north,001,1
1,214,3,1,2,north,010,-2
1,215,3,1,2,north,010,-2
1,216,3,0,2,north,004,1
1,217,3,0,3,north,002,1
1,218,3,0,3,north,008,-1
1,219,3,0,4,north,002,1
1,220,3,0,4,north,009,-2
1,221,3,0,4,north,009,-2
1,222,3,0,3,north,001,1
1,223,3,0,3,south,007,1
1,224,3,0,3,south,009,-2
1,225,3,0,3,south,008,-1
1,226,3,0,3,west,006,1
1,227,3,0,3,north,006,1
1,228,3,0,3,north,010,-2
1,229,3,0,2,north,001,1
1,230,3,1,2,north,003,1
1,231,3,0,2,north,004,1
1,232,3,0,2,west,005,1
1,233,3,0,2,west,010,-2
1,234,4,0,2,west,002,1
1,235,4,0,2,west,004,-10
1,236,4,0,2,west,009,-2
1,237,4,0,2,west,009,-2
1,238,4,0,2,west,010,-2
1,239,4,0,2,south,005,1
1,240,4,0,2,north,007,1
1,241,4,0,2,north,009,-2
1,242,4,0,3,north,002,1
1,243,4,0,3,north,008,-1
1,244,4,0,3,east,006,1
1,245,4,0,3,west,007,1
1,246,4,0,3,west,008,-1
1,247,5,0,3,west,002,1
1,248,5,0,3,west,004,-10
1,249,5,0,3,west,008,-1
1,250,5,0,3,west,008,-1
1,251,5,0,3,west,009,-2
1,252,5,0,3,west,008,-1
1,253,5,0,3,west,010,-2
1,254,5,0,3,south,005,1
1,255,5,1,3,south,003,1
1,256,5,0,3,south,004,1
1,257,5,0,3,south,004,-10
1,258,5,0,3,south,009,-2
1,259,5,0,3,south,004,-10
1,260,5,0,3,south,008,-1
1,261,5,0,3,west,006,1
1,262,5,0,3,west,009,-2
1,263,5,0,3,south,005,1
1,264,5,0,4,south,001,1
1,265,5,0,3,south,002,1
1,266,5,1,3,south,003,1
1,267,5,1,3,east,005,1
1,268,5,1,3,east,009,-3
1,269,5,1,3,west,007,1
1,270,5,1,3,south,005,1
1,271,5,0,3,south,004,1
1,272,5,0,3,east,005,1
1,273,5,0,3,west,007,1
1,274,5,0,3,west,009,-2
1,275,5,0,3,west,002,-1
1,276,5,0,3,west,009,-2
1,277,4,0,3,west,001,1
1,278,4,0,3,west,010,-2
1,279,4,0,3,west,009,-2
1,280,4,0,3,west,009,-2
1,281,4,0,3,west,010,-2
1,282,4,1,3,west,003,1
1,283,4,1,3,east,007,1
1,284,4,1,3,west,007,1
1,285,4,1,3,west,009,-2
1,286,3,1,3,west,001,1
1,287,3,2,3,west,003,1
1,288,2,2,3,west,001,1
1,289,2,2,3,north,006,1
1,290,2,2,3,north,009,-2
1,291,2,2,4,north,002,1
1,292,2,2,3,north,001,1
1,293,2,2,3,north,009,-2
1,294,2,3,3,north,003,1
1,295,2,3,3,north,009,-2
1,296,2,3,3,north,008,-1
1,297,2,3,2,north,001,1
1,298,2,3,2,south,007,1
1,299,2,3,2,north,007,1
1,300,2,3,2,west,005,1
1,301,2,3,2,west,009,-2
1,302,2,3,2,west,008,-1
1,303,2,3,2,west,009,-2
1,304,2,3,2,north,006,1
1,305,2,2,2,north,004,1
1,306,2,3,2,north,003,1
1,307,2,3,2,north,009,-2
1,308,2,3,2,east,006,1
1,309,2,3,2,east,008,-1
1,310,2,3,2,east,008,-1
1,311,1,3,2,east,002,1
1,312,1,2,2,east,004,1
1,313,0,2,2,east,002,1
1,314,0,2,2,north,005,1
1,315,0,2,2,west,005,1
1,316,0,2,2,west,009,-10
1,317,1,2,2,west,002,1
1,318,1,2,2,south,005,1
1,319,1,1,2,south,004,1
1,320,1,1,2,south,008,-1
1,321,1,1,2,west,006,1
1,322,1,1,2,west,008,-1
1,323,1,1,2,west,010,-2
1,324,1,1,2,north,006,1
1,325,1,1,2,west,005,1
1,326,1,1,2,north,006,1
1,327,1,0,2,north,004,1
1,328,1,0,2,north,009,-2
1,329,1,0,2,north,008,-1
1,330,1,1,2,north,003,1
1,331,1,1,3,north,002,1
1,332,1,1,3,north,009,-2
1,333,1,1,3,north,009,-2
1,334,1,1,3,east,006,1
1,335,1,1,3,west,007,1
1,336,1,0,3,west,004,1
1,337,1,0,3,north,006,1
1,338,1,0,3,south,007,1
1,339,1,0,3,south,009,-2
1,340,1,1,3,south,003,1
1,341,1,0,3,south,004,1
1,342,1,0,3,north,007,1
1,343,1,0,3,south,007,1
1,344,1,0,3,south,009,-2
1,345,1,0,3,north,007,1
1,346,1,0,3,north,010,-2
1,347,1,0,2,north,001,1
1,348,1,0,2,north,009,-2
1,349,1,0,2,north,009,-2
1,350,1,0,1,north,001,1
1,351,1,0,1,north,009,-2
1,352,1,0,1,south,007,1
1,353,1,0,1,south,004,-10
1,354,1,0,1,south,004,-10
1,355,1,0,1,south,010,-2
1,356,1,0,2,south,001,1
1,357,1,0,2,north,007,1
1,358,1,0,2,east,006,1
1,359,1,0,2,north,005,1
1,360,1,0,1,north,001,1
1,361,1,0,1,west,005,1
1,362,1,0,1,south,005,1
1,363,1,0,2,south,001,1
1,364,1,0,2,east,005,1
1,365,1,0,2,east,009,-2
1,366,0,0,2,east,002,1
1,367,0,0,2,east,002,-10
1,368,0,0,2,north,005,1
1,369,0,0,2,north,004,-10
1,370,0,0,1,north,001,1
1,371,0,0,1,south,007,1
1,372,0,0,1,west,006,1
1,373,0,0,1,west,009,-10
1,374,0,0,1,west,001,-10
1,375,0,0,1,east,007,1
1,376,0,0,1,north,005,1
1,377,0,0,1,west,005,1
1,378,0,0,1,east,007,1
1,379,0,0,1,east,002,-10
1,380,0,1,1,east,003,1
1,381,0,1,1,north,005,1
1,382,0,1,1,east,006,1
1,383,0,1,1,east,010,-2
1,384,0,1,1,west,007,1
1,385,0,1,1,west,010,-10
1,386,0,1,1,south,005,1
1,387,0,1,1,east,005,1
1,388,0,1,1,north,005,1
1,389,0,2,1,north,003,1
1,390,0,2,2,north,002,1
1,391,0,2,2,east,006,1
1,392,0,2,2,east,008,-1
1,393,0,1,2,east,004,1
1,394,0,1,2,east,008,-1
1,395,0,1,2,east,002,-10
1,396,0,0,2,east,004,1
1,397,0,0,2,north,005,1
1,398,0,0,2,west,005,1
1,399,0,1,2,west,003,1
2,0,0,0,0,east,009,-2
2,1,0,0,0,west,007,1
2,2,0,0,0,west,009,-10
2,3,0,0,0,west,010,-10
2,4,0,0,0,north,006,1
2,5,0,0,0,north,010,-10
2,6,0,0,0,south,007,1
2,7,0,0,0,east,005,1
2,8,0,0,0,east,004,-10
2,9,0,0,0,east,002,-10
2,10,1,0,0,east,001,1
2,11,1,1,0,east,003,1
2,12,1,1,0,east,009,-2
2,13,1,1,0,east,009,-2
2,14,1,1,0,south,006,1
2,15,1,1,1,south,001,1
2,16,1,0,1,south,004,1
2,17,1,0,1,south,010,-2
2,18,1,0,1,west,006,1
2,19,1,0,1,west,004,-10
2,20,1,0,1,west,010,-2
2,21,1,0,1,west,008,-1
2,22,0,0,1,west,001,1
2,23,0,0,1,north,006,1
2,24,0,0,1,north,004,-10
2,25,0,0,1,east,006,1
2,26,0,0,1,east,002,-10
2,27,0,0,1,east,002,-10
2,28,0,0,1,west,007,1
2,29,0,0,1,west,010,-10
2,30,0,0,1,west,001,-10
2,31,0,0,1,south,005,1
2,32,0,0,1,east,005,1
2,33,0,1,1,east,003,1
2,34,1,1,1,east,001,1
2,35,1,1,1,south,006,1
2,36,1,1,1,east,005,1
2,37,1,1,1,east,010,-2
2,38,2,1,1,east,001,1
2,39,2,0,1,east,004,1
2,40,2,0,1,west,007,1
2,41,2,0,1,south,005,1
2,42,2,0,1,south,004,-10
2,43,2,0,2,south,001,1
2,44,2,0,2,north,007,1
2,45,2,1,2,north,003,1
2,46,2,1,2,south,007,1
2,47,2,1,2,north,007,1
2,48,2,1,2,north,009,-2
2,49,2,1,3,north,002,1
2,50,2,1,3,north,009,-2
2,51,2,2,3,north,003,1
2,52,2,1,3,north,004,1
2,53,2,1,3,north,010,-2
2,54,2,0,3,north,004,1
2,55,2,0,4,north,002,1
2,56,2,0,4,north,009,-2
2,57,2,0,4,north,009,-2
2,58,2,0,4,west,005,1
2,59,3,0,4,west,002,1
2,60,3,0,4,north,006,1
2,61,3,0,4,north,009,-2
2,62,3,0,4,north,009,-2
2,63,3,0,3,north,001,1
2,64,3,0,3,north,004,-10
2,65,3,0,3,north,008,-1
2,66,3,0,3,west,005,1
2,67,3,0,3,east,007,1
2,68,3,0,3,west,007,1
2,69,3,0,3,south,005,1
2,70,3,0,3,west,006,1
2,71,3,0,3,east,007,1
2,72,3,0,3,east,009,-2
2,73,3,0,3,west,007,1
2,74,3,0,3,south,005,1
2,75,3,0,3,north,007,1
2,76,3,1,3,north,003,1
2,77,3,1,2,north,001,1
2,78,3,1,2,north,009,-2
2,79,3,1,1,north,001,1
2,80,3,1,1,north,010,-2
2,81,3,0,1,north,004,1
2,82,3,0,0,north,001,1
2,83,3,0,0,north,010,-10
2,84,3,0,1,north,002,1
2,85,3,0,1,north,010,-2
2,86,3,0,1,east,006,1
2,87,3,0,1,east,009,-2
2,88,3,0,1,south,006,1
2,89,3,0,1,west,006,1
2,90,3,0,1,south,005,1
2,91,3,0,1,north,007,1
2,92,3,0,1,north,010,-2
2,93,3,0,2,north,002,1
2,94,3,0,2,north,004,-10
2,95,3,0,2,north,009,-2
2,96,3,0,1,north,001,1
2,97,3,0,1,east,006,1
2,98,4,0,1,east,001,1
2,99,4,0,1,east,004,-10
2,100,4,0,1,east,008,-1
2,101,4,0,1,west,007,1
2,102,4,0,1,west,008,-1
2,103,5,0,1,west,002,1
2,104,5,0,1,west,008,-1
2,105,5,0,1,west,009,-2
2,106,5,0,1,north,006,1
2,107,5,0,1,north,009,-2
2,108,5,0,1,east,006,1
2,109,4,0,1,east,002,1
2,110,4,0,1,north,005,1
2,111,4,0,1,north,008,-1
2,112,4,1,1,north,003,1
2,113,4,2,1,north,003,1
2,114,4,3,1,north,003,1
2,115,4,3,2,north,002,1
2,116,4,3,2,north,009,-2
2,117,4,3,1,north,001,1
2,118,4,3,1,north,010,-2
2,119,4,3,1,west,005,1
2,120,4,3,1,north,006,1
2,121,4,4,1,north,003,1
2,122,4,4,1,east,006,1
2,123,4,4,1,north,005,1
2,124,4,4,1,south,007,1
2,125,4,4,0,south,002,1
2,126,4,4,0,south,010,-2
2,127,4,5,0,south,003,1
2,128,4,5,0,west,006,1
2,129,4,4,0,west,004,1
2,130,3,4,0,west,001,1
2,131,3,4,0,south,005,1
2,132,3,4,0,east,005,1
2,133,2,4,0,east,002,1
2,134,2,4,0,north,005,1
2,135,2,4,0,north,009,-10
2,136,2,3,0,north,004,1
2,137,2,3,0,west,005,1
2,138,2,3,0,west,010,-2
2,139,2,3,0,north,006,1
2,140,2,4,0,north,003,1
2,141,2,4,0,north,009,-10
2,142,2,4,0,north,001,-10
2,143,2,5,0,north,003,1
2,144,2,5,0,north,009,-10
2,145,2,5,0,north,009,-10
2,146,2,4,0,north,004,1
2,147,2,4,0,north,009,-10
2,148,2,4,0,north,009,-10
2,149,2,4,0,east,006,1
2,150,2,4,0,south,006,1
2,151,2,4,0,south,002,-10
2,152,2,4,0,south,008,-1
2,153,2,3,0,south,004,1
2,154,2,3,0,south,009,-2
2,155,2,3,0,south,009,-2
2,156,2,2,0,south,004,1
2,157,2,2,0,south,010,-2
2,158,2,2,0,south,010,-2
2,159,2,1,0,south,004,1
2,160,2,1,0,east,005,1
2,161,2,1,0,east,008,-1
2,162,2,1,0,east,010,-2
2,163,2,1,0,east,010,-2
2,164,2,1,0,east,010,-2
2,165,2,1,0,west,007,1
2,166,2,1,0,west,010,-2
2,167,2,1,0,west,008,-1
2,168,2,1,0,north,006,1
2,169,2,1,0,north,008,-10
2,170,2,1,0,north,010,-10
2,171,2,1,0,north,010,-10
2,172,2,1,0,north,010,-10
2,173,2,1,0,north,008,-10
2,174,2,2,0,north,003,1
2,175,2,2,0,north,009,-10
2,176,2,2,0,north,010,-10
2,177,2,2,0,north,008,-10
2,178,2,2,0,north,010,-10
2,179,2,2,0,north,010,-10
2,180,2,1,0,north,004,1
2,181,2,1,0,north,008,-10
2,182,2,1,0,south,007,1
2,183,2,1,0,east,005,1
2,184,2,1,0,east,010,-2
2,185,2,1,0,west,007,1
2,186,2,1,0,west,009,-2
2,187,2,1,0,west,009,-2
2,188,3,1,0,west,002,1
2,189,3,1,0,west,010,-2
2,190,3,1,0,west,010,-2
2,191,3,2,0,west,003,1
2,192,3,2,0,south,005,1
2,193,3,1,0,south,004,1
2,194,3,1,1,south,001,1
2,195,3,0,1,south,004,1
2,196,3,0,1,east,005,1
2,197,2,0,1,east,002,1
2,198,2,0,1,east,010,-2
2,199,3,0,1,east,001,1
2,200,3,0,1,east,009,-2
2,201,2,0,1,east,002,1
2,202,2,0,1,east,009,-2
2,203,2,0,1,east,009,-2
2,204,2,0,1,east,004,-10
2,205,2,0,1,east,009,-2
2,206,2,1,1,east,003,1
2,207,3,1,1,east,001,1
2,208,3,1,1,south,006,1
2,209,3,0,1,south,004,1
2,210,3,0,1,south,010,-2
2,211,3,0,0,south,002,1
2,212,3,1,0,south,003,1
2,213,3,0,0,south,004,1
2,214,3,0,1,south,001,1
2,215,3,0,1,west,006,1
2,216,3,0,1,west,008,-1
2,217,3,1,1,west,003,1
2,218,3,2,1,west,003,1
2,219,3,2,1,west,009,-2
2,220,3,2,1,east,007,1
2,221,4,2,1,east,001,1
2,222,4,3,1,east,003,1
2,223,4,3,1,north,005,1
2,224,4,3,1,north,009,-2
2,225,4,3,1,west,005,1
2,226,3,3,1,west,001,1
2,227,3,3,1,west,009,-2
2,228,3,3,1,east,007,1
2,229,3,3,1,east,010,-2
2,230,3,3,1,east,009,-2
2,231,3,3,1,north,005,1
2,232,3,3,2,north,002,1
2,233,3,3,1,north,001,1
2,234,3,3,1,south,007,1
2,235,3,3,1,west,006,1
2,236,3,3,1,east,007,1
2,237,3,3,1,east,010,-2
2,238,3,3,1,east,010,-2
2,239,3,3,1,east,009,-2
2,240,3,4,1,east,003,1
2,241,2,4,1,east,002,1
2,242,2,4,1,east,010,-2
2,243,2,5,1,east,003,1
2,244,2,6,1,east,003,1
2,245,2,7,1,east,003,1
2,246,2,7,1,east,010,-2
2,247,2,7,1,west,007,1
2,248,2,6,1,west,004,1
2,249,2,6,1,west,009,-2
2,250,2,6,1,west,009,-2
2,251,2,6,1,east,007,1
2,252,2,6,1,north,005,1
2,253,2,6,2,north,002,1
2,254,2,6,2,north,009,-2
2,255,2,6,3,north,002,1
2,256,2,5,3,north,004,1
2,257,2,5,3,north,010,-2
2,258,2,5,3,north,008,-1
2,259,2,5,4,north,002,1
2,260,2,5,4,north,010,-2
2,261,2,5,4,east,006,1
2,262,2,5,4,east,010,-2
2,263,2,5,4,west,007,1
2,264,2,6,4,west,003,1
2,265,2,6,4,west,010,-2
2,266,2,6,4,west,008,-1
2,267,3,6,4,west,002,1
2,268,3,6,4,east,007,1
2,269,3,5,4,east,004,1
2,270,3,5,4,east,009,-2
2,271,4,5,4,east,001,1
2,272,4,5,4,east,010,-2
2,273,4,5,4,east,009,-2
2,274,4,5,4,east,008,-1
2,275,4,5,4,east,009,-2
2,276,4,5,4,east,010,-2
2,277,4,4,4,east,004,1
2,278,4,4,4,west,007,1
2,279,4,4,4,south,005,1
2,280,4,4,4,east,005,1
2,281,4,4,4,south,006,1
2,282,4,4,4,south,008,-1
2,283,4,3,4,south,004,1
2,284,4,4,4,south,003,1
2,285,4,5,4,south,003,1
2,286,4,5,4,south,008,-1
2,287,4,5,4,south,010,-2
2,288,4,4,4,south,004,1
2,289,4,4,4,west,006,1
2,290,4,4,4,west,010,-2
2,291,5,4,4,west,002,1
2,292,5,5,4,west,003,1
2,293,5,5,4,east,007,1
2,294,5,5,4,east,009,-2
2,295,4,5,4,east,002,1
2,296,4,5,4,north,005,1
2,297,4,6,4,north,003,1
2,298,4,6,4,south,007,1
2,299,4,6,4,south,008,-1
2,300,4,6,4,west,006,1
2,301,4,6,4,west,008,-1
2,302,4,6,4,east,007,1
2,303,4,6,4,east,010,-2
2,304,4,6,4,west,007,1
2,305,4,6,4,south,005,1
2,306,4,7,4,south,003,1
2,307,4,7,3,south,002,1
2,308,4,8,3,south,003,1
2,309,4,8,3,south,009,-2
2,310,4,8,3,east,005,1
2,311,3,8,3,east,002,1
2,312,3,8,3,east,003,-10
2,313,3,8,3,east,003,-10
2,314,2,8,3,east,002,1
2,315,1,8,3,east,002,1
2,316,1,8,3,east,008,-1
2,317,2,8,3,east,001,1
2,318,2,8,3,south,006,1
2,319,2,8,4,south,001,1
2,320,2,8,4,north,007,1
2,321,2,8,4,north,010,-2
2,322,2,8,5,north,002,1
2,323,2,8,4,north,001,1
2,324,2,8,4,north,010,-2
2,325,2,8,4,south,007,1
2,326,2,8,5,south,001,1
2,327,2,8,4,south,002,1
2,328,2,7,4,south,004,1
2,329,2,7,4,south,009,-2
2,330,2,8,4,south,003,1
2,331,2,8,4,south,003,-10
2,332,2,8,4,south,009,-2
2,333,2,8,5,south,001,1
2,334,2,8,5,west,006,1
2,335,2,8,5,west,010,-2
2,336,1,8,5,west,001,1
2,337,0,8,5,west,001,1
2,338,0,8,5,west,001,-10
2,339,1,8,5,west,002,1
2,340,1,8,5,west,009,-2
2,341,1,8,5,west,009,-2
2,342,1,8,5,west,009,-2
2,343,1,8,5,west,003,-10
2,344,0,8,5,west,001,1
2,345,0,8,5,south,005,1
2,346,0,8,6,south,001,1
2,347,0,8,6,north,007,1
2,348,0,7,6,north,004,1
2,349,0,7,6,south,007,1
2,350,0,7,6,west,006,1
2,351,0,7,6,west,001,-10
2,352,0,7,6,south,005,1
2,353,0,7,6,south,008,-1
2,354,0,7,6,west,006,1
2,355,0,7,6,west,001,-10
2,356,0,8,6,west,003,1
2,357,0,8,6,east,007,1
2,358,0,8,6,west,007,1
2,359,0,8,6,west,008,-10
2,360,0,8,6,west,001,-10
2,361,0,8,6,north,006,1
2,362,0,8,6,north,009,-2
2,363,0,8,6,east,006,1
2,364,0,8,6,south,006,1
2,365,0,8,7,south,001,1
2,366,0,7,7,south,004,1
2,367,0,7,7,south,009,-2
2,368,0,7,7,south,009,-2
2,369,0,7,6,south,002,1
2,370,0,7,6,south,009,-2
2,371,0,7,6,south,009,-2
2,372,0,6,6,south,004,1
2,373,0,6,6,east,005,1
2,374,0,6,6,east,010,-2
2,375,0,7,6,east,003,1
2,376,0,7,6,north,005,1
2,377,0,7,6,west,005,1
2,378,0,6,6,west,004,1
2,379,0,5,6,west,004,1
2,380,0,5,6,north,006,1
2,381,0,5,6,north,009,-2
2,382,0,5,6,north,008,-1
2,383,0,5,6,north,009,-2
2,384,0,5,6,north,008,-1
2,385,0,5,6,west,005,1
2,386,0,4,6,west,004,1
2,387,0,4,6,west,008,-10
2,388,0,3,6,west,004,1
2,389,0,3,6,west,009,-10
2,390,0,3,6,west,010,-10
2,391,0,3,6,south,005,1
2,392,0,2,6,south,004,1
2,393,0,1,6,south,004,1
2,394,0,1,6,west,006,1
2,395,1,1,6,west,002,1
2,396,1,1,6,west,009,-2
2,397,1,1,6,east,007,1
2,398,1,1,6,south,006,1
2,399,1,1,6,east,005,1
3,0,0,0,0,east,009,-2
3,1,0,0,0,east,002,-10
3,2,0,0,0,south,006,1
3,3,0,0,0,south,002,-10
3,4,0,0,0,south,008,-1
3,5,0,0,0,west,006,1
3,6,0,0,0,west,001,-10
3,7,0,0,0,north,006,1
3,8,0,0,0,east,006,1
3,9,0,0,0,east,008,-1
3,10,0,0,0,east,009,-2
3,11,0,0,0,north,005,1
3,12,0,0,0,north,008,-10
3,13,0,0,0,north,009,-10
3,14,0,0,0,east,006,1
3,15,1,0,0,east,001,1
3,16,1,0,0,north,005,1
3,17,1,0,0,south,007,1
3,18,1,0,0,north,007,1
3,19,1,0,0,north,010,-10
3,20,1,0,0,north,001,-10
3,21,1,1,0,north,003,1
3,22,1,1,0,north,009,-10
3,23,1,1,0,north,008,-10
3,24,1,1,0,north,009,-10
3,25,1,1,0,east,006,1
3,26,1,2,0,east,003,1
3,27,0,2,0,east,002,1
3,28,0,2,0,west,007,1
3,29,0,3,0,west,003,1
3,30,0,3,0,east,007,1
3,31,0,3,0,east,002,-10
3,32,0,3,0,west,007,1
3,33,0,2,0,west,004,1
3,34,0,2,0,west,008,-10
3,35,0,3,0,west,003,1
3,36,0,3,0,west,008,-10
3,37,0,3,0,west,009,-10
3,38,0,3,0,west,001,-10
3,39,0,3,0,west,001,-10
3,40,0,3,0,west,001,-10
3,41,0,3,0,west,010,-10
3,42,0,3,0,east,007,1
3,43,0,3,0,east,009,-2
3,44,0,3,0,east,009,-2
3,45,0,3,0,north,005,1
3,46,0,3,0,north,010,-10
3,47,0,3,0,south,007,1
3,48,0,3,0,east,005,1
3,49,1,3,0,east,001,1
3,50,1,3,0,east,009,-2
3,51,1,3,0,west,007,1
3,52,1,3,0,west,009,-2
3,53,1,3,0,west,009,-2
3,54,1,3,0,west,008,-1
3,55,1,3,0,west,009,-2
3,56,2,3,0,west,002,1
3,57,2,3,0,east,007,1
3,58,2,4,0,east,003,1
3,59,2,3,0,east,004,1
3,60,2,3,0,east,008,-1
3,61,2,3,0,south,006,1
3,62,2,3,0,south,010,-2
3,63,2,3,0,south,009,-2
3,64,2,3,0,south,008,-1
3,65,2,3,0,south,002,-10
3,66,2,3,0,west,006,1
3,67,3,3,0,west,002,1
3,68,3,3,0,east,007,1
3,69,3,3,0,east,009,-2
3,70,3,3,0,east,008,-1
3,71,3,3,0,north,005,1
3,72,3,2,0,north,004,1
3,73,3,3,0,north,003,1
3,74,3,3,0,west,005,1
3,75,3,3,0,north,006,1
3,76,3,3,0,north,009,-10
3,77,3,3,1,north,002,1
3,78,3,3,1,west,005,1
3,79,4,3,1,west,002,1
3,80,4,3,1,west,009,-2
3,81,4,3,1,north,006,1
3,82,4,3,1,south,007,1
3,83,4,3,1,south,010,-2
3,84,4,3,1,south,010,-2
3,85,4,3,2,south,001,1
3,86,4,2,2,south,004,1
3,87,4,2,2,east,005,1
3,88,3,2,2,east,002,1
3,89,3,2,2,north,005,1
3,90,3,1,2,north,004,1
3,91,3,2,2,north,003,1
3,92,3,1,2,north,004,1
3,93,3,1,2,north,010,-2
3,94,3,2,2,north,003,1
3,95,3,2,2,north,008,-1
3,96,3,2,3,north,002,1
3,97,3,1,3,north,004,1
3,98,3,1,3,north,009,-2
3,99,3,1,3,north,009,-2
3,100,3,1,3,north,010,-2
3,101,3,2,3,north,003,1
3,102,3,2,3,west,005,1
3,103,3,2,3,west,008,-1
3,104,2,2,3,west,001,1
3,105,2,2,3,west,009,-2
3,106,3,2,3,west,002,1
3,107,3,2,3,west,010,-2
3,108,3,2,3,west,009,-2
3,109,3,3,3,west,003,1
3,110,3,2,3,west,004,1
3,111,3,3,3,west,003,1
3,112,2,3,3,west,001,1
3,113,2,3,3,west,009,-2
3,114,2,3,3,north,006,1
3,115,2,3,4,north,002,1
3,116,2,4,4,north,003,1
3,117,2,3,4,north,004,1
3,118,2,3,4,west,005,1
3,119,2,3,4,west,010,-2
3,120,2,3,4,north,006,1
3,121,2,3,4,north,009,-2
3,122,2,3,5,north,002,1
3,123,2,3,5,east,006,1
3,124,3,3,5,east,001,1
3,125,3,3,5,west,007,1
3,126,3,3,5,north,006,1
3,127,3,3,5,south,007,1
3,128,3,3,5,south,008,-1
3,129,3,3,5,west,006,1
3,130,3,4,5,west,003,1
3,131,3,4,5,west,009,-2
3,132,2,4,5,west,001,1
3,133,2,4,5,north,006,1
3,134,2,4,5,north,009,-2
3,135,2,4,5,north,008,-1
3,136,2,4,4,north,001,1
3,137,2,4,3,north,001,1
3,138,2,4,3,north,009,-2
3,139,2,4,3,north,009,-2
3,140,2,3,3,north,004,1
3,141,2,3,2,north,001,1
3,142,2,3,2,east,006,1
3,143,2,3,2,north,005,1
3,144,2,3,2,south,007,1
3,145,2,3,3,south,001,1
3,146,2,3,3,west,006,1
3,147,2,2,3,west,004,1
3,148,2,2,3,west,010,-2
3,149,3,2,3,west,002,1
3,150,3,2,3,south,005,1
3,151,3,3,3,south,003,1
3,152,3,3,3,west,006,1
3,153,2,3,3,west,001,1
3,154,2,3,3,north,006,1
3,155,2,3,3,west,005,1
3,156,2,3,3,west,008,-1
3,157,1,3,3,west,001,1
3,158,1,3,3,west,010,-2
3,159,2,3,3,west,002,1
3,160,2,4,3,west,003,1
3,161,2,4,3,north,006,1
3,162,2,4,2,north,001,1
3,163,2,4,2,west,005,1
3,164,2,4,2,north,006,1
3,165,2,4,2,east,006,1
3,166,2,3,2,east,004,1
3,167,2,3,2,east,008,-1
3,168,2,2,2,east,004,1
3,169,2,1,2,east,004,1
3,170,2,1,2,west,007,1
3,171,2,1,2,west,010,-2
3,172,2,1,2,north,006,1
3,173,2,1,3,north,002,1
3,174,2,0,3,north,004,1
3,175,2,0,3,west,005,1
3,176,2,1,3,west,003,1
3,177,3,1,3,west,002,1
3,178,2,1,3,west,001,1
3,179,2,1,3,east,007,1
3,180,2,1,3,north,005,1
3,181,2,1,2,north,001,1
3,182,2,1,3,north,002,1
3,183,2,1,4,north,002,1
3,184,2,1,4,north,009,-2
3,185,2,2,4,north,003,1
3,186,2,2,4,east,006,1
3,187,2,2,4,south,006,1
3,188,2,2,4,east,005,1
3,189,3,2,4,east,001,1
3,190,2,2,4,east,002,1
3,191,2,2,4,north,005,1
3,192,2,2,4,east,006,1
3,193,3,2,4,east,001,1
3,194,2,2,4,east,002,1
3,195,2,2,4,east,010,-2
3,196,3,2,4,east,001,1
3,197,3,1,4,east,004,1
3,198,3,2,4,east,003,1
3,199,3,1,4,east,004,1
3,200,3,1,4,south,006,1
3,201,3,1,3,south,002,1
3,202,3,1,3,north,007,1
3,203,3,1,4,north,002,1
3,204,3,1,5,north,002,1
3,205,3,2,5,north,003,1
3,206,3,2,5,north,009,-2
3,207,3,3,5,north,003,1
3,208,3,3,5,north,009,-2
3,209,3,3,5,north,009,-2
3,210,3,3,5,north,010,-2
3,211,3,3,6,north,002,1
3,212,3,2,6,north,004,1
3,213,3,2,6,west,005,1
3,214,3,3,6,west,003,1
3,215,3,3,6,west,009,-2
3,216,3,3,6,west,009,-2
3,217,3,3,6,west,009,-2
3,218,3,3,6,east,007,1
3,219,3,4,6,east,003,1
3,220,3,4,6,south,006,1
3,221,3,4,6,west,006,1
3,222,3,5,6,west,003,1
3,223,3,5,6,west,008,-1
3,224,3,5,6,west,009,-2
3,225,3,5,6,south,005,1
3,226,3,5,6,south,009,-2
3,227,3,5,6,east,005,1
3,228,3,5,6,east,009,-2
3,229,3,5,6,west,007,1
3,230,3,5,6,south,005,1
3,231,3,5,6,west,006,1
3,232,3,6,6,west,003,1
3,233,3,6,6,west,009,-2
3,234,4,6,6,west,002,1
3,235,4,6,6,north,006,1
3,236,4,6,6,north,010,-2
3,237,4,7,6,north,003,1
3,238,4,6,6,north,004,1
3,239,4,6,6,east,006,1
3,240,4,5,6,east,004,1
3,241,4,5,6,east,008,-1
3,242,4,5,6,east,009,-2
3,243,4,5,6,east,008,-1
3,244,4,5,6,east,008,-1
3,245,4,5,6,east,010,-2
3,246,4,5,6,east,008,-1
3,247,5,5,6,east,001,1
3,248,5,5,6,south,006,1
3,249,5,5,6,south,009,-2
3,250,5,5,6,east,005,1
3,251,5,5,6,east,009,-2
3,252,4,5,6,east,002,1
3,253,4,6,6,east,003,1
3,254,4,6,6,north,005,1
3,255,4,6,6,north,010,-2
3,256,4,6,5,north,001,1
3,257,4,6,5,north,010,-2
3,258,4,6,5,east,006,1
3,259,4,6,5,north,005,1
3,260,4,6,6,north,002,1
3,261,4,6,6,west,005,1
3,262,4,6,6,east,007,1
3,263,4,6,6,east,009,-2
3,264,4,6,6,north,005,1
3,265,4,6,7,north,002,1
3,266,4,6,8,north,002,1
3,267,4,6,8,north,009,-2
3,268,4,6,7,north,001,1
3,269,4,6,7,north,009,-2
3,270,4,6,7,east,006,1
3,271,4,6,7,south,006,1
3,272,4,6,7,south,008,-1
3,273,4,6,7,east,005,1
3,274,4,6,7,west,007,1
3,275,3,6,7,west,001,1
3,276,3,6,7,west,009,-2
3,277,3,6,7,west,009,-2
3,278,3,6,7,east,007,1
3,279,3,6,7,east,010,-2
3,280,3,5,7,east,004,1
3,281,3,4,7,east,004,1
3,282,3,4,7,east,009,-2
3,283,3,5,7,east,003,1
3,284,3,5,7,east,010,-2
3,285,3,5,7,west,007,1
3,286,3,5,7,west,010,-2
3,287,3,5,7,west,008,-1
3,288,3,5,7,north,006,1
3,289,3,5,7,north,010,-2
3,290,3,4,7,north,004,1
3,291,3,4,6,north,001,1
3,292,3,4,7,north,002,1
3,293,3,4,7,north,009,-2
3,294,3,4,7,west,005,1
3,295,3,3,7,west,004,1
3,296,3,4,7,west,003,1
3,297,3,4,7,south,005,1
3,298,3,4,7,south,008,-1
3,299,3,5,7,south,003,1
3,300,3,5,7,north,007,1
3,301,3,5,7,west,005,1
3,302,2,5,7,west,001,1
3,303,2,5,7,north,006,1
3,304,2,4,7,north,004,1
3,305,2,4,7,east,006,1
3,306,2,4,7,south,006,1
3,307,2,4,7,west,006,1
3,308,2,4,7,north,006,1
3,309,2,4,7,north,010,-2
3,310,2,4,8,north,002,1
3,311,2,3,8,north,004,1
3,312,2,2,8,north,004,1
3,313,2,1,8,north,004,1
3,314,2,1,7,north,001,1
3,315,2,1,7,south,007,1
3,316,2,1,7,south,008,-1
3,317,2,1,7,east,005,1
3,318,1,1,7,east,002,1
3,319,1,0,7,east,004,1
3,320,1,0,7,west,007,1
3,321,1,0,7,west,004,-10
3,322,1,1,7,west,003,1
3,323,2,1,7,west,002,1
3,324,2,0,7,west,004,1
3,325,2,0,7,west,010,-2
3,326,2,0,7,west,010,-2
3,327,2,0,7,south,005,1
3,328,2,0,7,south,009,-2
3,329,2,0,7,north,007,1
3,330,2,0,7,west,005,1
3,331,3,0,7,west,002,1
3,332,2,0,7,west,001,1
3,333,2,0,7,west,008,-1
3,334,2,0,7,west,008,-1
3,335,2,0,7,east,007,1
3,336,2,0,7,east,009,-2
3,337,2,0,7,east,008,-1
3,338,1,0,7,east,002,1
3,339,1,1,7,east,003,1
3,340,0,1,7,east,002,1
3,341,0,1,7,east,008,-1
3,342,0,1,7,east,009,-2
3,343,0,1,7,south,006,1
3,344,0,1,7,north,007,1
3,345,0,2,7,north,003,1
3,346,0,2,8,north,002,1
3,347,0,2,8,north,010,-2
3,348,0,2,8,north,009,-2
3,349,0,3,8,north,003,1
3,350,0,3,9,north,002,1
3,351,0,3,8,north,001,1
3,352,0,3,7,north,001,1
3,353,0,3,7,east,006,1
3,354,0,3,7,east,009,-2
3,355,0,2,7,east,004,1
3,356,0,2,7,east,009,-2
3,357,0,2,7,east,009,-2
3,358,0,2,7,east,002,-10
3,359,1,2,7,east,001,1
3,360,1,2,7,south,006,1
3,361,1,1,7,south,004,1
3,362,1,1,6,south,002,1
3,363,1,1,6,south,008,-1
3,364,1,1,6,east,005,1
3,365,1,1,6,west,007,1
3,366,1,1,6,west,010,-2
3,367,1,1,6,west,009,-2
3,368,1,1,6,west,009,-2
3,369,1,0,6,west,004,1
3,370,1,0,6,west,009,-2
3,371,1,0,6,west,004,-10
3,372,1,1,6,west,003,1
3,373,1,1,6,west,009,-2
3,374,1,1,6,east,007,1
3,375,1,0,6,east,004,1
3,376,1,0,6,east,009,-2
3,377,1,0,6,east,008,-1
3,378,1,0,6,west,007,1
3,379,1,1,6,west,003,1
3,380,0,1,6,west,001,1
3,381,0,1,6,west,001,-10
3,382,0,1,6,west,001,-10
3,383,0,1,6,west,009,-10
3,384,0,1,6,west,001,-10
3,385,1,1,6,west,002,1
3,386,1,1,6,south,005,1
3,387,1,1,6,east,005,1
3,388,1,0,6,east,004,1
3,389,1,0,6,east,009,-2
3,390,1,0,6,east,009,-2
3,391,2,0,6,east,001,1
3,392,2,1,6,east,003,1
3,393,2,0,6,east,004,1
3,394,2,0,6,east,009,-2
3,395,2,0,6,south,006,1
3,396,2,0,6,north,007,1
3,397,2,0,6,north,009,-2
3,398,2,0,6,east,006,1
3,399,1,0,6,east,002,1
4,0,0,0,0,north,005,1
4,1,0,0,0,south,007,1
4,2,0,0,0,south,004,-10
4,3,0,0,0,south,009,-2
4,4,0,0,0,south,009,-2
4,5,0,0,0,south,002,-10
4,6,0,0,0,south,004,-10
4,7,0,0,0,south,009,-2
4,8,0,0,0,west,006,1
4,9,0,0,0,west,010,-10
4,10,0,0,0,east,007,1
4,11,0,0,0,west,007,1
4,12,0,0,0,west,004,-10
4,13,0,0,0,south,005,1
4,14,0,0,1,south,001,1
4,15,0,0,1,south,008,-1
4,16,0,0,1,east,005,1
4,17,0,0,1,east,008,-1
4,18,0,1,1,east,003,1
4,19,0,0,1,east,004,1
4,20,0,0,1,east,008,-1
4,21,0,0,1,west,007,1
4,22,0,0,1,west,001,-10
4,23,0,0,1,west,008,-10
4,24,0,0,1,east,007,1
4,25,0,0,1,east,009,-2
4,26,0,0,1,east,008,-1
4,27,0,0,1,south,006,1
4,28,0,0,1,west,006,1
4,29,0,0,1,west,009,-10
4,30,0,0,1,west,008,-10
4,31,0,0,1,west,004,-10
4,32,1,0,1,west,002,1
4,33,1,0,1,south,005,1
4,34,1,0,1,south,009,-2
4,35,1,0,1,south,009,-2
4,36,1,0,1,west,006,1
4,37,1,0,1,west,004,-10
4,38,1,0,1,north,006,1
4,39,1,0,1,north,009,-2
4,40,1,0,1,north,009,-2
4,41,1,0,1,east,006,1
4,42,1,0,1,west,007,1
4,43,0,0,1,west,001,1
4,44,0,0,1,east,007,1
4,45,0,0,1,east,002,-10
4,46,0,0,1,south,006,1
4,47,0,0,1,south,009,-2
4,48,0,0,1,south,010,-2
4,49,0,0,1,north,007,1
4,50,0,1,1,north,003,1
4,51,0,1,1,north,009,-2
4,52,0,2,1,north,003,1
4,53,0,3,1,north,003,1
4,54,0,3,2,north,002,1
4,55,0,3,2,south,007,1
4,56,0,3,2,south,008,-1
4,57,0,3,2,east,005,1
4,58,0,3,2,east,009,-2
4,59,0,2,2,east,004,1
4,60,0,2,2,east,010,-2
4,61,0,2,2,west,007,1
4,62,0,2,2,west,008,-10
4,63,0,2,2,east,007,1
4,64,0,2,2,east,002,-10
4,65,0,2,2,south,006,1
4,66,0,2,2,east,005,1
4,67,0,2,2,east,008,-1
4,68,0,1,2,east,004,1
4,69,0,1,2,east,009,-2
4,70,0,1,2,north,005,1
4,71,0,1,2,south,007,1
4,72,0,1,1,south,002,1
4,73,0,2,1,south,003,1
4,74,0,1,1,south,004,1
4,75,0,1,1,west,006,1
4,76,0,1,1,east,007,1
4,77,0,1,1,east,008,-1
4,78,0,1,1,east,009,-2
4,79,0,1,1,east,010,-2
4,80,0,0,1,east,004,1
4,81,0,0,1,east,002,-10
4,82,0,0,1,east,002,-10
4,83,0,0,1,east,010,-2
4,84,0,0,1,south,006,1
4,85,0,0,2,south,001,1
4,86,0,0,2,south,009,-2
4,87,0,0,3,south,001,1
4,88,0,0,3,north,007,1
4,89,0,0,3,north,004,-10
4,90,0,0,2,north,001,1
4,91,0,0,2,north,008,-1
4,92,0,0,2,north,008,-1
4,93,0,0,2,north,004,-10
4,94,0,0,2,east,006,1
4,95,0,0,2,east,004,-10
4,96,0,0,2,east,010,-2
4,97,0,0,2,east,010,-2
4,98,0,0,2,east,009,-2
4,99,0,0,2,east,009,-2
4,100,0,0,2,north,005,1
4,101,0,0,2,north,009,-2
4,102,0,0,2,east,006,1
4,103,1,0,2,east,001,1
4,104,1,0,2,east,008,-1
4,105,1,1,2,east,003,1
4,106,1,1,2,east,008,-1
4,107,1,1,2,south,006,1
4,108,1,2,2,south,003,1
4,109,1,2,2,east,005,1
4,110,1,1,2,east,004,1
4,111,1,2,2,east,003,1
4,112,1,2,2,east,010,-2
4,113,1,2,2,east,009,-2
4,114,1,2,2,east,008,-1
4,115,2,2,2,east,001,1
4,116,3,2,2,east,001,1
4,117,3,2,2,north,005,1
4,118,3,2,2,south,007,1
4,119,3,2,1,south,002,1
4,120,3,2,1,south,008,-1
4,121,3,1,1,south,004,1
4,122,3,1,1,east,005,1
4,123,3,1,1,east,010,-2
4,124,3,2,1,east,003,1
4,125,3,2,1,east,010,-2
4,126,3,2,1,east,009,-2
4,127,3,2,1,east,008,-1
4,128,3,2,1,east,008,-1
4,129,3,3,1,east,003,1
4,130,3,3,1,east,010,-2
4,131,4,3,1,east,001,1
4,132,4,2,1,east,004,1
4,133,4,1,1,east,004,1
4,134,4,1,1,east,008,-1
4,135,4,2,1,east,003,1
4,136,3,2,1,east,002,1
4,137,2,2,1,east,002,1
4,138,1,2,1,east,002,1
4,139,1,2,1,east,009,-2
4,140,1,2,1,east,008,-1
4,141,1,2,1,south,006,1
4,142,1,3,1,south,003,1
4,143,1,3,0,south,002,1
4,144,1,3,0,south,010,-2
4,145,1,3,0,south,010,-2
4,146,1,3,0,north,007,1
4,147,1,3,0,north,008,-10
4,148,1,3,1,north,002,1
4,149,1,3,0,north,001,1
4,150,1,3,0,north,001,-10
4,151,1,3,0,north,010,-10
4,152,1,3,0,north,009,-10
4,153,1,3,1,north,002,1
4,154,1,3,1,west,005,1
4,155,1,4,1,west,003,1
4,156,1,4,1,north,006,1
4,157,1,4,1,south,007,1
4,158,1,4,2,south,001,1
4,159,1,5,2,south,003,1
4,160,1,6,2,south,003,1
4,161,1,6,2,south,009,-2
4,162,1,6,2,east,005,1
4,163,1,6,2,east,008,-1
4,164,1,6,2,south,006,1
4,165,1,6,2,east,005,1
4,166,1,6,2,north,005,1
4,167,1,7,2,north,003,1
4,168,1,6,2,north,004,1
4,169,1,6,2,north,009,-2
4,170,1,6,2,north,009,-2
4,171,1,6,2,north,009,-2
4,172,1,6,2,west,005,1
4,173,1,6,2,south,005,1
4,174,1,6,2,south,009,-2
4,175,1,6,2,north,007,1
4,176,1,6,2,west,005,1
4,177,1,6,2,west,009,-2
4,178,0,6,2,west,001,1
4,179,0,6,2,north,006,1
4,180,0,5,2,north,004,1
4,181,0,5,2,north,010,-2
4,182,0,5,1,north,001,1
4,183,0,5,1,north,008,-1
4,184,0,5,1,north,008,-1
4,185,0,6,1,north,003,1
4,186,0,6,1,east,006,1
4,187,0,6,1,east,008,-1
4,188,0,6,1,west,007,1
4,189,1,6,1,west,002,1
4,190,1,6,1,south,005,1
4,191,1,6,1,south,009,-2
4,192,1,6,1,west,006,1
4,193,1,6,1,west,009,-2
4,194,1,6,1,east,007,1
4,195,1,6,1,east,009,-2
4,196,1,6,1,east,010,-2
4,197,1,6,1,west,007,1
4,198,1,6,1,south,005,1
4,199,1,6,1,south,009,-2
4,200,1,6,1,east,005,1
4,201,1,6,1,north,005,1
4,202,1,6,1,north,010,-2
4,203,1,6,0,north,001,1
4,204,1,5,0,north,004,1
4,205,1,4,0,north,004,1
4,206,1,4,0,north,009,-10
4,207,1,4,0,east,006,1
4,208,1,3,0,east,004,1
4,209,2,3,0,east,001,1
4,210,1,3,0,east,002,1
4,211,1,3,0,east,010,-2
4,212,1,3,0,east,010,-2
4,213,1,3,0,east,008,-1
4,214,0,3,0,east,002,1
4,215,1,3,0,east,001,1
4,216,2,3,0,east,001,1
4,217,2,3,0,east,010,-2
4,218,2,3,0,east,008,-1
4,219,2,4,0,east,003,1
4,220,2,4,0,east,008,-1
4,221,2,4,0,south,006,1
4,222,2,4,0,east,005,1
4,223,2,4,0,east,010,-2
4,224,2,4,0,west,007,1
4,225,2,3,0,west,004,1
4,226,2,3,0,south,005,1
4,227,2,3,0,east,005,1
4,228,2,2,0,east,004,1
4,229,2,2,0,south,006,1
4,230,2,2,0,south,009,-2
4,231,2,2,0,west,006,1
4,232,2,2,0,west,009,-2
4,233,2,2,0,south,005,1
4,234,2,2,0,east,005,1
4,235,2,2,0,east,009,-2
4,236,1,2,0,east,002,1
4,237,1,2,0,west,007,1
4,238,0,2,0,west,001,1
4,239,0,1,0,west,004,1
4,240,0,2,0,west,003,1
4,241,1,2,0,west,002,1
4,242,1,2,0,south,005,1
4,243,1,2,0,north,007,1
4,244,1,2,0,north,008,-10
4,245,1,2,0,north,010,-10
4,246,1,2,0,north,009,-10
4,247,1,2,1,north,002,1
4,248,1,2,2,north,002,1
4,249,1,1,2,north,004,1
4,250,1,1,2,north,009,-2
4,251,1,1,2,north,010,-2
4,252,1,0,2,north,004,1
4,253,1,0,2,west,005,1
4,254,1,0,2,west,010,-2
4,255,0,0,2,west,001,1
4,256,0,0,2,west,008,-10
4,257,1,0,2,west,002,1
4,258,1,0,2,east,007,1
4,259,1,0,2,west,007,1
4,260,1,0,2,west,008,-1
4,261,1,0,2,west,009,-2
4,262,1,0,2,west,009,-2
4,263,1,0,2,south,005,1
4,264,1,1,2,south,003,1
4,265,1,0,2,south,004,1
4,266,1,0,2,south,009,-2
4,267,1,0,2,south,009,-2
4,268,1,0,2,south,009,-2
4,269,1,0,1,south,002,1
4,270,1,0,1,south,004,-10
4,271,1,0,0,south,002,1
4,272,1,0,0,south,004,-10
4,273,1,0,0,south,009,-2
4,274,1,0,0,east,005,1
4,275,1,0,0,south,006,1
4,276,1,0,1,south,001,1
4,277,1,0,1,south,009,-2
4,278,1,0,1,north,007,1
4,279,1,0,1,north,009,-2
4,280,1,0,1,east,006,1
4,281,1,0,1,east,008,-1
4,282,2,0,1,east,001,1
4,283,2,0,1,south,006,1
4,284,2,0,0,south,002,1
4,285,2,0,0,south,009,-2
4,286,2,0,0,north,007,1
4,287,2,0,0,north,010,-10
4,288,2,0,0,north,008,-10
4,289,2,0,0,south,007,1
4,290,2,0,0,south,008,-1
4,291,2,0,0,south,009,-2
4,292,2,0,0,north,007,1
4,293,2,0,1,north,002,1
4,294,2,0,1,west,005,1
4,295,1,0,1,west,001,1
4,296,1,0,1,south,005,1
4,297,1,0,2,south,001,1
4,298,1,0,3,south,001,1
4,299,1,0,3,south,009,-2
4,300,1,0,4,south,001,1
4,301,1,0,4,east,005,1
4,302,2,0,4,east,001,1
4,303,2,0,4,north,005,1
4,304,2,0,4,east,006,1
4,305,1,0,4,east,002,1
4,306,0,0,4,east,002,1
4,307,0,0,4,east,004,-10
4,308,0,0,4,east,009,-2
4,309,0,0,4,south,006,1
4,310,0,0,4,south,009,-2
4,311,0,0,4,south,008,-1
4,312,0,0,4,south,008,-1
4,313,0,0,4,south,010,-2
4,314,0,0,4,south,009,-2
4,315,0,0,4,south,009,-2
4,316,0,1,4,south,003,1
4,317,0,2,4,south,003,1
4,318,0,3,4,south,003,1
4,319,0,3,4,east,005,1
4,320,0,3,4,north,005,1
4,321,0,4,4,north,003,1
4,322,0,4,4,north,008,-1
4,323,0,4,4,north,008,-1
4,324,0,4,3,north,001,1
4,325,0,3,3,north,004,1
4,326,0,4,3,north,003,1
4,327,0,4,3,north,010,-2
4,328,0,5,3,north,003,1
4,329,0,5,3,north,009,-2
4,330,0,5,3,west,005,1
4,331,0,4,3,west,004,1
4,332,0,4,3,west,001,-10
4,333,0,4,3,west,009,-10
4,334,0,4,3,west,010,-10
4,335,0,4,3,west,009,-10
4,336,1,4,3,west,002,1
4,337,1,4,3,east,007,1
4,338,1,4,3,east,009,-2
4,339,0,4,3,east,002,1
4,340,0,4,3,east,010,-2
4,341,0,4,3,east,010,-2
4,342,0,3,3,east,004,1
4,343,1,3,3,east,001,1
4,344,1,3,3,east,008,-1
4,345,1,3,3,east,009,-2
4,346,1,3,3,north,005,1
4,347,1,3,2,north,001,1
4,348,1,3,2,north,009,-2
4,349,1,3,3,north,002,1
4,350,1,3,3,north,009,-2
4,351,1,3,4,north,002,1
4,352,1,3,4,south,007,1
4,353,1,3,3,south,002,1
4,354,1,3,3,south,010,-2
4,355,1,3,3,west,006,1
4,356,1,3,3,south,005,1
4,357,1,3,3,south,009,-2
4,358,1,3,3,south,010,-2
4,359,1,3,3,south,010,-2
4,360,1,4,3,south,003,1
4,361,1,4,4,south,001,1
4,362,1,4,5,south,001,1
4,363,1,3,5,south,004,1
4,364,1,3,5,north,007,1
4,365,1,2,5,north,004,1
4,366,1,2,5,north,008,-1
4,367,1,3,5,north,003,1
4,368,1,3,5,west,005,1
4,369,1,3,5,south,005,1
4,370,1,3,5,west,006,1
4,371,1,3,5,west,008,-1
4,372,1,3,5,west,008,-1
4,373,1,3,5,west,009,-2
4,374,1,3,5,south,005,1
4,375,1,4,5,south,003,1
4,376,1,4,5,west,006,1
4,377,1,4,5,north,006,1
4,378,1,4,6,north,002,1
4,379,1,4,6,west,005,1
4,380,1,4,6,west,010,-2
4,381,1,4,6,north,006,1
4,382,1,4,6,north,010,-2
4,383,1,4,5,north,001,1
4,384,1,4,6,north,002,1
4,385,1,4,6,north,010,-2
4,386,1,4,6,east,006,1
4,387,1,4,6,east,010,-2
4,388,1,4,6,north,005,1
4,389,1,5,6,north,003,1
4,390,1,5,6,west,005,1
4,391,1,5,6,west,009,-2
4,392,2,5,6,west,002,1
4,393,2,5,6,west,008,-1
4,394,2,5,6,west,009,-2
4,395,2,5,6,west,009,-2
4,396,1,5,6,west,001,1
4,397,1,6,6,west,003,1
4,398,1,6,6,south,005,1
4,399,1,6,6,east,005,1
5,0,0,0,0,east,008,-1
5,1,0,0,0,east,010,-2
5,2,0,0,0,east,009,-2
5,3,1,0,0,east,001,1
5,4,1,0,0,south,006,1
5,5,1,1,0,south,003,1
5,6,1,1,0,south,002,-10
5,7,1,0,0,south,004,1
5,8,1,0,0,north,007,1
5,9,1,1,0,north,003,1
5,10,1,1,0,east,006,1
5,11,1,1,0,south,006,1
5,12,1,1,0,south,009,-2
5,13,1,1,0,north,007,1
5,14,1,1,0,north,009,-10
5,15,1,1,0,south,007,1
5,16,1,1,0,west,006,1
5,17,1,1,0,west,008,-1
5,18,1,0,0,west,004,1
5,19,1,0,0,west,004,-10
5,20,1,0,0,west,008,-1
5,21,1,0,0,west,004,-10
5,22,1,0,0,west,004,-10
5,23,1,0,0,north,006,1
5,24,1,0,1,north,002,1
5,25,1,0,0,north,001,1
5,26,1,0,1,north,002,1
5,27,1,0,1,north,009,-2
5,28,1,0,1,north,009,-2
5,29,1,0,1,south,007,1
5,30,1,0,1,north,007,1
5,31,1,0,1,north,008,-1
5,32,1,0,2,north,002,1
5,33,1,0,2,east,006,1
5,34,1,0,2,south,006,1
5,35,1,0,2,east,005,1
5,36,1,0,2,east,009,-2
5,37,1,0,2,east,009,-2
5,38,1,0,2,east,008,-1
5,39,1,0,2,east,008,-1
5,40,1,0,2,east,004,-10
5,41,1,0,2,east,009,-2
5,42,1,0,2,east,010,-2
5,43,1,0,2,east,009,-2
5,44,0,0,2,east,002,1
5,45,0,0,2,east,002,-10
5,46,0,0,2,east,009,-2
5,47,0,0,2,north,005,1
5,48,0,0,3,north,002,1
5,49,0,0,3,east,006,1
5,50,0,1,3,east,003,1
5,51,0,1,3,north,005,1
5,52,0,1,2,north,001,1
5,53,0,1,2,west,005,1
5,54,0,2,2,west,003,1
5,55,0,2,2,west,001,-10
5,56,0,2,2,west,009,-10
5,57,0,2,2,west,001,-10
5,58,0,2,2,west,010,-10
5,59,1,2,2,west,002,1
5,60,1,2,2,west,008,-1
5,61,1,2,2,west,010,-2
5,62,1,2,2,north,006,1
5,63,1,3,2,north,003,1
5,64,1,4,2,north,003,1
5,65,1,3,2,north,004,1
5,66,1,3,2,east,006,1
5,67,1,3,2,north,005,1
5,68,1,3,1,north,001,1
5,69,1,3,1,south,007,1
5,70,1,3,1,south,010,-2
5,71,1,2,1,south,004,1
5,72,1,2,1,west,006,1
5,73,0,2,1,west,001,1
5,74,0,3,1,west,003,1
5,75,0,4,1,west,003,1
5,76,0,3,1,west,004,1
5,77,0,4,1,west,003,1
5,78,0,4,1,north,006,1
5,79,0,4,1,north,010,-2
5,80,0,4,1,north,009,-2
5,81,0,5,1,north,003,1
5,82,0,5,1,north,010,-2
5,83,0,4,1,north,004,1
5,84,0,4,1,north,010,-2
5,85,0,4,1,north,010,-2
5,86,0,4,0,north,001,1
5,87,0,4,1,north,002,1
5,88,0,4,1,south,007,1
5,89,0,4,2,south,001,1
5,90,0,4,2,north,007,1
5,91,0,4,1,north,001,1
5,92,0,3,1,north,004,1
5,93,0,3,1,north,008,-1
5,94,0,3,1,east,006,1
5,95,0,3,1,east,009,-2
5,96,0,3,1,east,009,-2
5,97,0,3,1,north,005,1
5,98,0,3,1,north,008,-1
5,99,0,3,0,north,001,1
5,100,0,4,0,north,003,1
5,101,0,4,0,north,009,-10
5,102,0,4,0,north,010,-10
5,103,0,4,0,north,010,-10
5,104,0,3,0,north,004,1
5,105,0,3,0,north,008,-10
5,106,0,3,0,north,001,-10
5,107,0,2,0,north,004,1
5,108,0,2,0,east,006,1
5,109,0,2,0,north,005,1
5,110,0,3,0,north,003,1
5,111,0,3,1,north,002,1
5,112,0,2,1,north,004,1
5,113,0,2,1,north,008,-1
5,114,0,2,0,north,001,1
5,115,0,2,0,south,007,1
5,116,0,2,0,north,007,1
5,117,0,2,0,north,008,-10
5,118,0,3,0,north,003,1
5,119,0,3,0,north,009,-10
5,120,0,3,0,north,009,-10
5,121,0,3,0,north,008,-10
5,122,0,3,0,north,008,-10
5,123,0,3,0,east,006,1
5,124,0,2,0,east,004,1
5,125,0,2,0,north,005,1
5,126,0,2,0,north,010,-10
5,127,0,2,0,south,007,1
5,128,0,2,0,south,009,-2
5,129,0,2,0,south,009,-2
5,130,0,2,0,east,005,1
5,131,0,2,0,east,010,-2
5,132,0,2,0,east,002,-10
5,133,0,2,0,east,009,-2
5,134,0,1,0,east,004,1
5,135,0,0,0,east,004,1
5,136,0,0,0,east,009,-2
5,137,0,0,0,east,010,-2
5,138,1,0,0,east,001,1
5,139,1,0,0,east,009,-2
5,140,1,1,0,east,003,1
5,141,1,1,0,north,005,1
5,142,1,2,0,north,003,1
5,143,1,2,0,west,005,1
5,144,0,2,0,west,001,1
5,145,0,3,0,west,003,1
5,146,0,3,0,north,006,1
5,147,0,3,0,east,006,1
5,148,0,3,0,east,008,-1
5,149,0,3,0,east,009,-2
5,150,0,3,0,east,002,-10
5,151,0,3,0,north,005,1
5,152,0,3,0,south,007,1
5,153,0,3,0,north,007,1
5,154,0,3,0,west,005,1
5,155,0,3,0,west,009,-10
5,156,0,3,0,west,009,-10
5,157,0,3,0,west,008,-10
5,158,0,3,0,north,006,1
5,159,0,3,0,north,001,-10
5,160,0,3,0,north,010,-10
5,161,0,3,0,north,008,-10
5,162,0,3,0,south,007,1
5,163,0,3,0,west,006,1
5,164,0,3,0,north,006,1
5,165,0,3,0,east,006,1
5,166,0,3,0,west,007,1
5,167,0,3,0,south,005,1
5,168,0,3,0,south,010,-2
5,169,0,3,0,north,007,1
5,170,0,3,0,north,008,-10
5,171,0,3,0,north,010,-10
5,172,0,3,0,north,008,-10
5,173,0,3,1,north,002,1
5,174,0,3,1,north,009,-2
5,175,0,2,1,north,004,1
5,176,0,2,1,north,010,-2
5,177,0,2,1,west,005,1
5,178,1,2,1,west,002,1
5,179,1,3,1,west,003,1
5,180,1,2,1,west,004,1
5,181,1,3,1,west,003,1
5,182,1,3,1,west,009,-2
5,183,1,3,1,west,008,-1
5,184,2,3,1,west,002,1
5,185,2,3,1,west,008,-1
5,186,2,3,1,east,007,1
5,187,2,3,1,east,009,-2
5,188,2,3,1,east,008,-1
5,189,2,3,1,east,009,-2
5,190,1,3,1,east,002,1
5,191,1,2,1,east,004,1
5,192,1,2,1,east,009,-2
5,193,1,2,1,west,007,1
5,194,1,1,1,west,004,1
5,195,1,1,1,north,006,1
5,196,1,1,2,north,002,1
5,197,1,1,2,north,008,-1
5,198,1,1,3,north,002,1
5,199,1,1,3,east,006,1
5,200,1,2,3,east,003,1
5,201,1,2,3,south,006,1
5,202,1,2,3,south,010,-2
5,203,1,2,3,south,010,-2
5,204,1,3,3,south,003,1
5,205,1,3,3,south,009,-2
5,206,1,3,3,north,007,1
5,207,1,3,3,east,006,1
5,208,1,3,3,north,005,1
5,209,1,3,3,north,010,-2
5,210,1,3,3,north,009,-2
5,211,1,3,2,north,001,1
5,212,1,3,2,west,005,1
5,213,2,3,2,west,002,1
5,214,2,3,2,north,006,1
5,215,2,3,2,east,006,1
5,216,1,3,2,east,002,1
5,217,1,3,2,east,008,-1
5,218,1,3,2,west,007,1
5,219,1,3,2,west,008,-1
5,220,0,3,2,west,001,1
5,221,0,3,2,west,008,-10
5,222,0,3,2,west,009,-10
5,223,0,3,2,south,005,1
5,224,0,3,2,west,006,1
5,225,1,3,2,west,002,1
5,226,1,3,2,south,005,1
5,227,1,3,2,east,005,1
5,228,1,3,2,north,005,1
5,229,1,3,2,south,007,1
5,230,1,3,2,west,006,1
5,231,2,3,2,west,002,1
5,232,2,3,2,north,006,1
5,233,2,3,2,west,005,1
5,234,2,3,2,west,008,-1
5,235,3,3,2,west,002,1
5,236,3,4,2,west,003,1
5,237,3,4,2,east,007,1
5,238,3,3,2,east,004,1
5,239,3,3,2,south,006,1
5,240,3,3,2,south,010,-2
5,241,3,3,2,east,005,1
5,242,4,3,2,east,001,1
5,243,4,3,2,east,009,-2
5,244,4,3,2,west,007,1
5,245,4,2,2,west,004,1
5,246,4,2,2,south,005,1
5,247,4,2,2,west,006,1
5,248,4,2,2,west,010,-2
5,249,4,3,2,west,003,1
5,250,4,3,2,west,010,-2
5,251,4,3,2,east,007,1
5,252,4,3,2,east,009,-2
5,253,4,3,2,east,008,-1
5,254,4,2,2,east,004,1
5,255,4,2,2,east,009,-2
5,256,4,2,2,east,008,-1
5,257,4,2,2,east,009,-2
5,258,3,2,2,east,002,1
5,259,3,2,2,east,009,-2
5,260,3,2,2,north,005,1
5,261,3,2,2,north,009,-2
5,262,3,2,2,north,008,-1
5,263,3,2,2,north,008,-1
5,264,3,2,2,south,007,1
5,265,3,2,2,south,009,-2
5,266,3,3,2,south,003,1
5,267,3,4,2,south,003,1
5,268,3,4,2,south,009,-2
5,269,3,4,2,south,009,-2
5,270,3,4,2,south,009,-2
5,271,3,3,2,south,004,1
5,272,3,2,2,south,004,1
5,273,3,2,2,south,010,-2
5,274,3,2,3,south,001,1
5,275,3,1,3,south,004,1
5,276,3,1,3,east,005,1
5,277,4,1,3,east,001,1
5,278,3,1,3,east,002,1
5,279,3,2,3,east,003,1
5,280,3,2,3,west,007,1
5,281,3,2,3,west,008,-1
5,282,2,2,3,west,001,1
5,283,2,2,3,west,008,-1
5,284,2,2,3,west,008,-1
5,285,2,3,3,west,003,1
5,286,2,3,3,west,008,-1
5,287,2,3,3,east,007,1
5,288,2,4,3,east,003,1
5,289,2,4,3,west,007,1
5,290,2,4,3,west,010,-2
5,291,2,5,3,west,003,1
5,292,2,5,3,west,009,-2
5,293,2,5,3,south,005,1
5,294,2,5,3,south,010,-2
5,295,2,5,3,east,005,1
5,296,2,5,3,east,010,-2
5,297,3,5,3,east,001,1
5,298,4,5,3,east,001,1
5,299,4,5,3,north,005,1
5,300,4,5,3,west,005,1
5,301,5,5,3,west,002,1
5,302,5,4,3,west,004,1
5,303,5,4,3,south,005,1
5,304,5,4,2,south,002,1
5,305,5,4,2,south,009,-2
5,306,5,3,2,south,004,1
5,307,5,3,2,west,006,1
5,308,5,3,2,west,009,-2
5,309,5,3,2,north,006,1
5,310,5,4,2,north,003,1
5,311,5,4,2,north,008,-1
5,312,5,4,3,north,002,1
5,313,5,4,4,north,002,1
5,314,5,4,4,north,010,-2
5,315,5,4,4,north,009,-2
5,316,5,4,4,north,009,-2
5,317,5,4,5,north,002,1
5,318,5,4,5,west,005,1
5,319,6,4,5,west,002,1
5,320,6,4,5,south,005,1
5,321,6,3,5,south,004,1
5,322,6,3,5,west,006,1
5,323,5,3,5,west,001,1
5,324,5,4,5,west,003,1
5,325,5,5,5,west,003,1
5,326,6,5,5,west,002,1
5,327,6,5,5,west,009,-2
5,328,6,5,5,west,008,-1
5,329,6,4,5,west,004,1
5,330,6,4,5,east,007,1
5,331,6,4,5,north,005,1
5,332,6,4,6,north,002,1
5,333,6,4,6,north,010,-2
5,334,6,4,6,north,009,-2
5,335,6,4,6,west,005,1
5,336,6,5,6,west,003,1
5,337,6,4,6,west,004,1
5,338,6,4,6,south,005,1
5,339,6,4,6,south,008,-1
5,340,6,4,6,east,005,1
5,341,5,4,6,east,002,1
5,342,5,4,6,east,009,-2
5,343,5,4,6,east,009,-2
5,344,4,4,6,east,002,1
5,345,4,4,6,east,008,-1
5,346,4,4,6,east,009,-2
5,347,5,4,6,east,001,1
5,348,5,4,6,east,008,-1
5,349,5,4,6,east,009,-2
5,350,6,4,6,east,001,1
5,351,6,4,6,east,008,-1
5,352,6,4,6,east,010,-2
5,353,6,3,6,east,004,1
5,354,6,3,6,east,009,-2
5,355,6,2,6,east,004,1
5,356,6,3,6,east,003,1
5,357,7,3,6,east,001,1
5,358,7,4,6,east,003,1
5,359,8,4,6,east,001,1
5,360,8,4,6,west,007,1
5,361,8,4,6,north,006,1
5,362,8,4,6,north,008,-1
5,363,8,4,6,south,007,1
5,364,8,4,6,north,007,1
5,365,8,4,6,north,009,-2
5,366,8,4,6,north,010,-2
5,367,8,4,5,north,001,1
5,368,8,4,5,north,010,-2
5,369,8,4,4,north,001,1
5,370,8,4,4,east,006,1
5,371,8,4,4,east,009,-2
5,372,8,4,4,west,007,1
5,373,8,4,4,west,008,-1
5,374,8,5,4,west,003,1
5,375,8,5,4,west,010,-2
5,376,8,5,4,west,009,-2
5,377,8,5,4,north,006,1
5,378,8,5,4,north,010,-2
5,379,8,5,4,north,010,-2
5,380,8,5,3,north,001,1
5,381,8,5,4,north,002,1
5,382,8,5,4,south,007,1
5,383,8,5,4,south,009,-2
5,384,8,5,4,west,006,1
5,385,8,5,4,north,006,1
5,386,8,5,4,north,009,-2
5,387,8,5,4,south,007,1
5,388,8,4,4,south,004,1
5,389,8,4,4,north,007,1
5,390,8,4,4,east,006,1
5,391,8,5,4,east,003,1
5,392,7,5,4,east,002,1
5,393,7,5,4,west,007,1
5,394,7,5,4,west,009,-2
5,395,6,5,4,west,001,1
5,396,6,5,4,south,005,1
5,397,6,5,4,south,009,-2
5,398,6,5,3,south,002,1
5,399,6,5,4,south,001,1
6,0,1,0,0,east,001,1
6,1,1,0,0,east,010,-2
6,2,1,0,0,east,008,-1
6,3,2,0,0,east,001,1
6,4,1,0,0,east,002,1
6,5,1,0,0,east,009,-2
6,6,2,0,0,east,001,1
6,7,2,0,0,east,009,-2
6,8,1,0,0,east,002,1
6,9,1,0,0,north,005,1
6,10,1,0,0,north,009,-10
6,11,1,0,1,north,002,1
6,12,1,1,1,north,003,1
6,13,1,0,1,north,004,1
6,14,1,0,1,north,010,-2
6,15,1,1,1,north,003,1
6,16,1,1,1,north,008,-1
6,17,1,1,1,north,009,-2
6,18,1,1,1,north,009,-2
6,19,1,1,1,north,009,-2
6,20,1,2,1,north,003,1
6,21,1,2,1,south,007,1
6,22,1,1,1,south,004,1
6,23,1,1,1,south,009,-2
6,24,1,1,0,south,002,1
6,25,1,1,0,south,009,-2
6,26,1,1,0,east,005,1
6,27,0,1,0,east,002,1
6,28,0,2,0,east,003,1
6,29,0,2,0,east,002,-10
6,30,0,2,0,west,007,1
6,31,0,2,0,south,005,1
6,32,0,2,0,north,007,1
6,33,0,2,0,east,006,1
6,34,1,2,0,east,001,1
6,35,2,2,0,east,001,1
6,36,2,1,0,east,004,1
6,37,2,1,0,east,009,-2
6,38,2,1,0,south,006,1
6,39,2,1,0,south,009,-2
6,40,2,1,0,north,007,1
6,41,2,1,0,south,007,1
6,42,2,2,0,south,003,1
6,43,2,2,0,south,002,-10
6,44,2,3,0,south,003,1
6,45,2,3,1,south,001,1
6,46,2,3,1,south,008,-1
6,47,2,4,1,south,003,1
6,48,2,4,1,east,005,1
6,49,2,4,1,west,007,1
6,50,2,4,1,north,006,1
6,51,2,5,1,north,003,1
6,52,2,6,1,north,003,1
6,53,2,6,1,east,006,1
6,54,2,6,1,north,005,1
6,55,2,6,1,east,006,1
6,56,2,6,1,west,007,1
6,57,2,7,1,west,003,1
6,58,2,6,1,west,004,1
6,59,3,6,1,west,002,1
6,60,3,6,1,west,009,-2
6,61,3,6,1,west,010,-2
6,62,3,6,1,west,009,-2
6,63,3,6,1,west,009,-2
6,64,3,6,1,west,010,-2
6,65,2,6,1,west,001,1
6,66,2,6,1,east,007,1
6,67,2,6,1,east,009,-2
6,68,1,6,1,east,002,1
6,69,1,6,1,east,009,-2
6,70,0,6,1,east,002,1
6,71,0,6,1,east,002,-10
6,72,0,6,1,south,006,1
6,73,0,6,1,west,006,1
6,74,0,6,1,west,008,-10
6,75,0,5,1,west,004,1
6,76,0,5,1,south,005,1
6,77,0,5,1,south,008,-1
6,78,0,5,1,south,008,-1
6,79,0,5,1,south,009,-2
6,80,0,5,1,north,007,1
6,81,0,5,1,north,008,-1
6,82,0,5,1,north,009,-2
6,83,0,4,1,north,004,1
6,84,0,4,1,south,007,1
6,85,0,5,1,south,003,1
6,86,0,5,1,south,009,-2
6,87,0,5,1,south,009,-2
6,88,0,5,1,east,005,1
6,89,1,5,1,east,001,1
6,90,1,5,1,east,010,-2
6,91,1,5,1,north,005,1
6,92,1,4,1,north,004,1
6,93,1,4,1,north,009,-2
6,94,1,4,1,west,005,1
6,95,1,4,1,west,010,-2
6,96,2,4,1,west,002,1
6,97,3,4,1,west,002,1
6,98,3,4,1,east,007,1
6,99,2,4,1,east,002,1
6,100,2,4,1,east,009,-2
6,101,2,3,1,east,004,1
6,102,2,4,1,east,003,1
6,103,2,4,1,north,005,1
6,104,2,4,1,west,005,1
6,105,2,4,1,west,008,-1
6,106,2,4,1,west,008,-1
6,107,2,4,1,west,009,-2
6,108,1,4,1,west,001,1
6,109,1,4,1,east,007,1
6,110,0,4,1,east,002,1
6,111,0,3,1,east,004,1
6,112,0,2,1,east,004,1
6,113,0,2,1,east,010,-2
6,114,0,2,1,east,010,-2
6,115,0,2,1,east,008,-1
6,116,0,2,1,east,009,-2
6,117,0,2,1,south,006,1
6,118,0,2,1,south,009,-2
6,119,0,2,1,south,008,-1
6,120,0,2,1,north,007,1
6,121,0,2,1,east,006,1
6,122,0,2,1,west,007,1
6,123,0,2,1,west,009,-10
6,124,0,3,1,west,003,1
6,125,0,3,1,west,010,-10
6,126,0,3,1,west,008,-10
6,127,1,3,1,west,002,1
6,128,0,3,1,west,001,1
6,129,0,3,1,west,009,-10
6,130,0,3,1,east,007,1
6,131,0,3,1,west,007,1
6,132,0,3,1,east,007,1
6,133,0,3,1,east,008,-1
6,134,0,2,1,east,004,1
6,135,0,2,1,east,009,-2
6,136,0,2,1,east,010,-2
6,137,0,2,1,west,007,1
6,138,1,2,1,west,002,1
6,139,2,2,1,west,002,1
6,140,1,2,1,west,001,1
6,141,0,2,1,west,001,1
6,142,0,2,1,west,008,-10
6,143,0,2,1,east,007,1
6,144,0,2,1,north,005,1
6,145,0,2,1,west,005,1
6,146,0,2,1,west,001,-10
6,147,0,2,1,east,007,1
6,148,1,2,1,east,001,1
6,149,1,2,1,east,009,-2
6,150,1,1,1,east,004,1
6,151,1,1,1,south,006,1
6,152,1,1,1,north,007,1
6,153,1,1,1,west,005,1
6,154,1,1,1,north,006,1
6,155,1,1,1,east,006,1
6,156,1,1,1,south,006,1
6,157,1,1,2,south,001,1
6,158,1,1,2,south,010,-2
6,159,1,1,2,west,006,1
6,160,1,1,2,west,009,-2
6,161,1,1,2,east,007,1
6,162,1,2,2,east,003,1
6,163,1,1,2,east,004,1
6,164,1,1,2,south,006,1
6,165,1,0,2,south,004,1
6,166,1,0,2,south,004,-10
6,167,1,0,2,south,010,-2
6,168,1,1,2,south,003,1
6,169,1,1,2,south,008,-1
6,170,1,1,2,south,010,-2
6,171,1,1,2,south,009,-2
6,172,1,1,2,south,008,-1
6,173,1,1,1,south,002,1
6,174,1,1,1,east,005,1
6,175,2,1,1,east,001,1
6,176,2,1,1,west,007,1
6,177,2,1,1,west,008,-1
6,178,1,1,1,west,001,1
6,179,1,1,1,west,009,-2
6,180,1,1,1,west,010,-2
6,181,1,1,1,west,009,-2
6,182,1,2,1,west,003,1
6,183,1,1,1,west,004,1
6,184,0,1,1,west,001,1
6,185,0,1,1,south,005,1
6,186,0,1,0,south,002,1
6,187,0,1,0,south,002,-10
6,188,0,1,0,south,002,-10
6,189,0,1,0,east,005,1
6,190,0,1,0,south,006,1
6,191,0,1,0,west,006,1
6,192,1,1,0,west,002,1
6,193,1,2,0,west,003,1
6,194,1,2,0,west,010,-2
6,195,1,1,0,west,004,1
6,196,1,1,0,west,010,-2
6,197,1,1,0,south,005,1
6,198,1,1,0,south,009,-2
6,199,1,1,1,south,001,1
6,200,1,1,1,south,008,-1
6,201,1,1,1,south,009,-2
6,202,1,1,1,south,010,-2
6,203,1,1,2,south,001,1
6,204,1,1,2,west,006,1
6,205,1,1,2,west,008,-1
6,206,1,1,2,north,006,1
6,207,1,2,2,north,003,1
6,208,1,2,1,north,001,1
6,209,1,2,1,north,010,-2
6,210,1,2,1,north,008,-1
6,211,1,2,1,west,005,1
6,212,0,2,1,west,001,1
6,213,0,2,1,east,007,1
6,214,0,2,1,south,006,1
6,215,0,3,1,south,003,1
6,216,0,3,1,south,008,-1
6,217,0,3,0,south,002,1
6,218,0,3,0,east,005,1
6,219,0,3,0,east,010,-2
6,220,0,3,0,east,002,-10
6,221,0,3,0,east,002,-10
6,222,0,2,0,east,004,1
6,223,0,2,0,east,009,-2
6,224,0,3,0,east,003,1
6,225,0,3,0,south,006,1
6,226,0,3,0,south,008,-1
6,227,0,3,0,west,006,1
6,228,0,3,0,west,001,-10
6,229,0,3,0,south,005,1
6,230,0,2,0,south,004,1
6,231,0,2,0,south,008,-1
6,232,0,2,0,east,005,1
6,233,0,2,0,east,002,-10
6,234,0,2,0,west,007,1
6,235,0,2,0,west,009,-10
6,236,0,2,0,east,007,1
6,237,0,2,0,north,005,1
6,238,0,2,0,north,008,-10
6,239,0,2,0,north,009,-10
6,240,0,2,0,north,008,-10
6,241,0,2,0,north,009,-10
6,242,0,2,0,north,009,-10
6,243,0,2,0,north,010,-10
6,244,0,2,1,north,002,1
6,245,0,2,1,north,008,-1
6,246,0,2,0,north,001,1
6,247,0,2,0,north,001,-10
6,248,0,1,0,north,004,1
6,249,0,1,1,north,002,1
6,250,0,0,1,north,004,1
6,251,0,0,1,north,010,-2
6,252,0,1,1,north,003,1
6,253,0,2,1,north,003,1
6,254,0,2,1,east,006,1
6,255,0,2,1,east,008,-1
6,256,0,2,1,east,002,-10
6,257,0,3,1,east,003,1
6,258,0,4,1,east,003,1
6,259,0,5,1,east,003,1
6,260,0,5,1,south,006,1
6,261,0,5,1,north,007,1
6,262,0,5,1,north,008,-1
6,263,0,5,1,west,005,1
6,264,0,5,1,east,007,1
6,265,0,4,1,east,004,1
6,266,0,5,1,east,003,1
6,267,0,5,1,north,005,1
6,268,0,5,1,north,008,-1
6,269,0,6,1,north,003,1
6,270,0,6,2,north,002,1
6,271,0,5,2,north,004,1
6,272,0,5,2,east,006,1
6,273,1,5,2,east,001,1
6,274,1,4,2,east,004,1
6,275,1,4,2,south,006,1
6,276,1,3,2,south,004,1
6,277,1,3,2,south,010,-2
6,278,1,3,2,east,005,1
6,279,1,3,2,east,009,-2
6,280,2,3,2,east,001,1
6,281,2,3,2,west,007,1
6,282,2,2,2,west,004,1
6,283,2,2,2,west,010,-2
6,284,2,2,2,west,009,-2
6,285,1,2,2,west,001,1
6,286,2,2,2,west,002,1
6,287,2,2,2,north,006,1
6,288,2,2,2,south,007,1
6,289,2,2,2,north,007,1
6,290,2,1,2,north,004,1
6,291,2,1,2,north,009,-2
6,292,2,0,2,north,004,1
6,293,2,0,1,north,001,1
6,294,2,0,1,east,006,1
6,295,2,0,1,east,009,-2
6,296,2,1,1,east,003,1
6,297,3,1,1,east,001,1
6,298,2,1,1,east,002,1
6,299,2,2,1,east,003,1
6,300,2,1,1,east,004,1
6,301,2,1,1,north,005,1
6,302,2,1,1,north,009,-2
6,303,2,1,1,south,007,1
6,304,2,1,1,south,008,-1
6,305,2,1,1,south,008,-1
6,306,2,1,1,south,009,-2
6,307,2,1,1,north,007,1
6,308,2,1,1,north,008,-1
6,309,2,1,1,north,010,-2
6,310,2,1,0,north,001,1
6,311,2,1,0,south,007,1
6,312,2,1,0,south,009,-2
6,313,2,1,0,west,006,1
6,314,1,1,0,west,001,1
6,315,1,1,0,south,005,1
6,316,1,0,0,south,004,1
6,317,1,0,0,west,006,1
6,318,1,0,0,west,004,-10
6,319,1,0,0,north,006,1
6,320,1,0,0,south,007,1
6,321,1,0,0,south,009,-2
6,322,1,0,0,west,006,1
6,323,1,0,0,west,010,-2
6,324,0,0,0,west,001,1
6,325,0,0,0,west,004,-10
6,326,0,1,0,west,003,1
6,327,0,1,0,west,008,-10
6,328,0,1,0,south,005,1
6,329,0,1,0,south,002,-10
6,330,0,1,0,south,010,-2
6,331,0,1,1,south,001,1
6,332,0,2,1,south,003,1
6,333,0,2,1,south,009,-2
6,334,0,2,1,south,009,-2
6,335,0,2,1,east,005,1
6,336,0,2,1,south,006,1
6,337,0,3,1,south,003,1
6,338,0,3,1,east,005,1
6,339,0,3,1,north,005,1
6,340,0,3,2,north,002,1
6,341,0,3,2,west,005,1
6,342,0,3,2,west,008,-10
6,343,0,3,2,south,005,1
6,344,0,3,2,east,005,1
6,345,0,3,2,east,009,-2
6,346,0,3,2,east,008,-1
6,347,0,3,2,east,010,-2
6,348,0,3,2,east,009,-2
6,349,1,3,2,east,001,1
6,350,1,3,2,east,009,-2
6,351,1,4,2,east,003,1
6,352,0,4,2,east,002,1
6,353,1,4,2,east,001,1
6,354,1,5,2,east,003,1
6,355,1,5,2,east,009,-2
6,356,1,5,2,east,010,-2
6,357,1,5,2,east,010,-2
6,358,1,4,2,east,004,1
6,359,1,4,2,south,006,1
6,360,1,3,2,south,004,1
6,361,1,3,2,north,007,1
6,362,1,3,2,west,005,1
6,363,2,3,2,west,002,1
6,364,2,3,2,south,005,1
6,365,2,3,1,south,002,1
6,366,2,3,0,south,002,1
6,367,2,3,0,north,007,1
6,368,2,3,0,south,007,1
6,369,2,3,0,east,005,1
6,370,2,3,0,east,009,-2
6,371,3,3,0,east,001,1
6,372,3,2,0,east,004,1
6,373,3,2,0,east,008,-1
6,374,3,3,0,east,003,1
6,375,3,3,0,west,007,1
6,376,3,2,0,west,004,1
6,377,2,2,0,west,001,1
6,378,3,2,0,west,002,1
6,379,3,2,0,north,006,1
6,380,3,2,0,north,009,-10
6,381,3,2,0,north,001,-10
6,382,3,2,1,north,002,1
6,383,3,2,1,north,010,-2
6,384,3,2,1,north,009,-2
6,385,3,2,2,north,002,1
6,386,3,2,3,north,002,1
6,387,3,3,3,north,003,1
6,388,3,3,3,north,010,-2
6,389,3,3,4,north,002,1
6,390,3,2,4,north,004,1
6,391,3,2,3,north,001,1
6,392,3,2,3,north,008,-1
6,393,3,2,2,north,001,1
6,394,3,2,2,north,008,-1
6,395,3,2,2,north,010,-2
6,396,3,2,2,north,009,-2
6,397,3,2,2,south,007,1
6,398,3,2,2,north,007,1
6,399,3,2,2,west,005,1
7,0,0,0,0,north,005,1
7,1,0,0,0,east,006,1
7,2,0,0,0,west,007,1
7,3,0,0,0,west,008,-10
7,4,0,0,0,west,009,-10
7,5,0,0,0,east,007,1
7,6,0,0,0,east,004,-10
7,7,0,0,0,east,008,-1
7,8,0,1,0,east,003,1
7,9,0,2,0,east,003,1
7,10,0,2,0,south,006,1
7,11,0,2,0,west,006,1
7,12,0,2,0,south,005,1
7,13,0,2,0,south,002,-10
7,14,0,2,0,north,007,1
7,15,0,2,0,north,001,-10
7,16,0,2,0,north,001,-10
7,17,0,2,0,north,009,-10
7,18,0,2,0,south,007,1
7,19,0,2,0,south,008,-1
7,20,0,2,0,south,002,-10
7,21,0,2,0,west,006,1
7,22,1,2,0,west,002,1
7,23,0,2,0,west,001,1
7,24,0,2,0,east,007,1
7,25,0,2,0,west,007,1
7,26,0,1,0,west,004,1
7,27,0,1,0,west,010,-10
7,28,0,1,0,east,007,1
7,29,0,1,0,east,010,-2
7,30,0,1,0,east,010,-2
7,31,0,1,0,south,006,1
7,32,0,1,0,south,008,-1
7,33,0,1,0,south,002,-10
7,34,0,0,0,south,004,1
7,35,0,0,0,east,005,1
7,36,0,0,0,east,008,-1
7,37,0,1,0,east,003,1
7,38,0,1,0,east,002,-10
7,39,0,1,0,north,005,1
7,40,0,1,0,north,009,-10
7,41,0,2,0,north,003,1
7,42,0,2,0,south,007,1
7,43,0,2,1,south,001,1
7,44,0,2,1,east,005,1
7,45,0,2,1,north,005,1
7,46,0,2,1,north,009,-2
7,47,0,3,1,north,003,1
7,48,0,3,1,west,005,1
7,49,0,3,1,east,007,1
7,50,0,4,1,east,003,1
7,51,0,4,1,south,006,1
7,52,0,3,1,south,004,1
7,53,0,3,1,south,008,-1
7,54,0,3,1,south,010,-2
7,55,0,3,1,south,009,-2
7,56,0,3,1,south,009,-2
7,57,0,3,1,south,009,-2
7,58,0,3,2,south,001,1
7,59,0,3,2,south,008,-1
7,60,0,2,2,south,004,1
7,61,0,2,2,west,006,1
7,62,0,2,2,west,009,-10
7,63,0,2,2,west,010,-10
7,64,0,1,2,west,004,1
7,65,0,1,2,south,005,1
7,66,0,0,2,south,004,1
7,67,0,0,2,south,009,-2
7,68,0,0,2,east,005,1
7,69,0,0,2,east,002,-10
7,70,0,0,2,east,004,-10
7,71,0,0,2,east,008,-1
7,72,0,0,2,east,002,-10
7,73,1,0,2,east,001,1
7,74,1,0,2,west,007,1
7,75,1,0,2,east,007,1
7,76,1,0,2,east,008,-1
7,77,1,0,2,east,008,-1
7,78,1,0,2,west,007,1
7,79,1,0,2,west,009,-2
7,80,1,0,2,west,010,-2
7,81,0,0,2,west,001,1
7,82,0,0,2,north,006,1
7,83,0,0,2,north,009,-2
7,84,0,0,2,north,008,-1
7,85,0,0,2,west,005,1
7,86,0,0,2,west,004,-10
7,87,0,0,2,west,010,-10
7,88,0,0,2,south,005,1
7,89,0,1,2,south,003,1
7,90,0,1,2,south,010,-2
7,91,0,1,2,south,009,-2
7,92,0,1,2,north,007,1
7,93,0,1,2,north,009,-2
7,94,0,1,2,south,007,1
7,95,0,1,3,south,001,1
7,96,0,1,3,south,009,-2
7,97,0,1,3,south,009,-2
7,98,0,2,3,south,003,1
7,99,0,2,3,south,010,-2
7,100,0,2,3,south,008,-1
7,101,0,2,3,east,005,1
7,102,0,2,3,east,010,-2
7,103,0,2,3,east,009,-2
7,104,0,2,3,east,010,-2
7,105,0,2,3,north,005,1
7,106,0,2,2,north,001,1
7,107,0,2,2,north,009,-2
7,108,0,2,2,north,008,-1
7,109,0,2,2,north,008,-1
7,110,0,1,2,north,004,1
7,111,0,1,2,north,009,-2
7,112,0,1,2,west,005,1
7,113,0,1,2,west,009,-10
7,114,0,1,2,west,010,-10
7,115,0,2,2,west,003,1
7,116,0,2,2,west,010,-10
7,117,1,2,2,west,002,1
7,118,1,1,2,west,004,1
7,119,2,1,2,west,002,1
7,120,2,1,2,south,005,1
7,121,2,1,2,south,009,-2
7,122,2,1,2,north,007,1
7,123,2,0,2,north,004,1
7,124,2,0,2,north,010,-2
7,125,2,0,2,west,005,1
7,126,3,0,2,west,002,1
7,127,4,0,2,west,002,1
7,128,4,0,2,east,007,1
7,129,3,0,2,east,002,1
7,130,3,1,2,east,003,1
7,131,3,1,2,east,010,-2
7,132,3,0,2,east,004,1
7,133,4,0,2,east,001,1
7,134,4,0,2,east,009,-3
7,135,4,0,2,west,007,1
7,136,4,0,2,south,005,1
7,137,4,0,3,south,001,1
7,138,4,0,3,north,007,1
7,139,4,0,3,north,009,-2
7,140,4,0,3,south,007,1
7,141,4,0,3,south,009,-2
7,142,4,0,2,south,002,1
7,143,4,0,2,south,004,-10
7,144,4,1,2,south,003,1
7,145,4,1,2,south,009,-2
7,146,4,1,2,west,006,1
7,147,4,1,2,west,009,-2
7,148,5,1,2,west,002,1
7,149,5,1,2,west,009,-2
7,150,5,1,2,west,004,-1
7,151,5,1,2,west,008,-1
7,152,5,1,2,south,005,1
7,153,5,1,2,south,009,-2
7,154,5,1,2,south,009,-2
7,155,5,1,1,south,002,1
7,156,5,1,1,west,006,1
7,157,5,2,1,west,003,1
7,158,5,2,1,west,008,-1
7,159,5,2,1,west,009,-2
7,160,5,2,1,west,009,-2
7,161,6,2,1,west,002,1
7,162,6,3,1,west,003,1
7,163,7,3,1,west,002,1
7,164,7,3,1,east,007,1
7,165,6,3,1,east,002,1
7,166,7,3,1,east,001,1
7,167,7,4,1,east,003,1
7,168,7,5,1,east,003,1
7,169,8,5,1,east,001,1
7,170,9,5,1,east,001,1
7,171,10,5,1,east,001,1
7,172,10,4,1,east,004,1
7,173,10,4,1,east,004,-1
7,174,10,4,1,east,010,-3
7,175,10,4,1,east,008,-1
7,176,10,5,1,east,003,1
7,177,10,5,1,east,008,-1
7,178,10,4,1,east,004,1
7,179,10,4,1,west,007,1
7,180,11,4,1,west,002,1
7,181,11,4,1,east,007,1
7,182,11,4,1,east,001,-1
7,183,11,4,1,east,008,-1
7,184,11,4,1,east,009,-3
7,185,11,4,1,east,004,-1
7,186,11,4,1,east,004,-1
7,187,11,4,1,south,006,1
7,188,11,4,1,south,004,-1
7,189,11,4,1,south,002,-1
7,190,11,4,1,south,004,-1
7,191,11,4,1,south,002,-1
7,192,11,4,1,south,002,-1
7,193,11,4,1,south,008,-1
7,194,11,4,1,south,002,-1
7,195,11,4,1,south,009,-2
7,196,11,4,1,south,004,-1
7,197,11,4,1,south,004,-1
7,198,11,4,1,south,010,-2
7,199,11,4,1,south,004,-1
7,200,11,4,1,east,005,1
7,201,11,4,1,east,004,-1
7,202,11,4,1,south,006,1
7,203,11,4,1,south,004,-1
7,204,11,4,1,south,002,-1
7,205,11,4,1,west,006,1
7,206,11,4,1,north,006,1
7,207,11,4,1,west,005,1
7,208,11,4,1,east,007,1
7,209,11,4,1,east,009,-2
7,210,11,4,1,west,007,1
7,211,11,4,1,east,007,1
7,212,11,4,1,west,007,1
7,213,11,4,1,west,008,-1
7,214,11,4,1,south,005,1
7,215,11,4,1,south,002,-1
7,216,11,4,1,north,007,1
7,217,11,4,1,north,010,-3
7,218,11,5,1,north,003,1
7,219,11,6,1,north,003,1
7,220,11,6,1,north,008,-1
7,221,11,6,0,north,001,1
7,222,11,7,0,north,003,1
7,223,11,7,0,south,007,1
7,224,11,8,0,south,003,1
7,225,11,8,0,south,008,-1
7,226,11,8,0,east,005,1
7,227,11,8,0,east,010,-2
7,228,11,8,0,east,009,-2
7,229,11,8,0,south,006,1
7,230,11,8,0,north,007,1
7,231,11,8,0,north,003,-10
7,232,11,8,1,north,002,1
7,233,11,8,1,west,005,1
7,234,11,8,1,north,006,1
7,235,11,8,1,north,009,-2
7,236,11,8,1,north,008,-1
7,237,11,8,1,north,008,-1
7,238,11,7,1,north,004,1
7,239,11,7,1,north,008,-1
7,240,11,7,1,north,009,-2
7,241,11,7,1,east,006,1
7,242,11,6,1,east,004,1
7,243,11,6,1,east,009,-2
7,244,11,6,1,south,006,1
7,245,11,6,1,north,007,1
7,246,11,6,1,north,008,-1
7,247,11,6,1,west,005,1
7,248,12,6,1,west,002,1
7,249,12,6,1,east,007,1
7,250,12,6,1,east,010,-2
7,251,12,6,1,east,009,-2
7,252,12,6,1,south,006,1
7,253,12,5,1,south,004,1
7,254,12,5,1,south,009,-2
7,255,12,5,1,south,009,-2
7,256,12,5,1,south,008,-1
7,257,12,4,1,south,004,1
7,258,12,4,1,south,009,-3
7,259,12,5,1,south,003,1
7,260,12,5,2,south,001,1
7,261,12,5,2,south,009,-2
7,262,12,5,2,north,007,1
7,263,12,5,2,north,008,-1
7,264,12,5,1,north,001,1
7,265,12,5,2,north,002,1
7,266,12,5,2,north,008,-1
7,267,12,5,2,north,009,-2
7,268,12,5,2,north,009,-2
7,269,12,5,2,north,009,-2
7,270,12,5,2,north,004,-1
7,271,12,5,2,north,009,-2
7,272,12,5,2,west,005,1
7,273,12,6,2,west,003,1
7,274,12,6,2,north,006,1
7,275,12,6,1,north,001,1
7,276,12,6,0,north,001,1
7,277,12,6,0,south,007,1
7,278,12,6,1,south,001,1
7,279,12,6,1,east,005,1
7,280,12,7,1,east,003,1
7,281,12,6,1,east,004,1
7,282,13,6,1,east,001,1
7,283,13,6,1,north,005,1
7,284,13,5,1,north,004,1
7,285,13,5,1,north,009,-2
7,286,13,5,1,north,009,-2
7,287,13,5,1,north,009,-2
7,288,13,5,1,north,010,-2
7,289,13,5,1,north,008,-1
7,290,13,5,1,east,006,1
7,291,13,6,1,east,003,1
7,292,13,6,1,north,005,1
7,293,13,6,1,west,005,1
7,294,14,6,1,west,002,1
7,295,14,6,1,west,009,-2
7,296,14,7,1,west,003,1
7,297,14,6,1,west,004,1
7,298,14,7,1,west,003,1
7,299,14,6,1,west,004,1
7,300,15,6,1,west,002,1
7,301,15,6,1,west,008,-1
7,302,15,6,1,north,006,1
7,303,15,7,1,north,003,1
7,304,15,7,2,north,002,1
7,305,15,7,3,north,002,1
7,306,15,7,4,north,002,1
7,307,15,6,4,north,004,1
7,308,15,6,5,north,002,1
7,309,15,6,5,north,008,-1
7,310,15,6,5,north,008,-1
7,311,15,6,5,north,009,-2
7,312,15,6,5,north,010,-2
7,313,15,6,5,east,006,1
7,314,14,6,5,east,002,1
7,315,14,6,5,east,010,-2
7,316,14,7,5,east,003,1
7,317,14,6,5,east,004,1
7,318,14,6,5,east,010,-2
7,319,14,6,5,south,006,1
7,320,14,6,6,south,001,1
7,321,14,6,7,south,001,1
7,322,14,6,7,south,010,-2
7,323,14,6,7,north,007,1
7,324,14,6,7,north,008,-1
7,325,14,6,7,east,006,1
7,326,14,6,7,south,006,1
7,327,14,6,7,east,005,1
7,328,14,5,7,east,004,1
7,329,14,5,7,north,005,1
7,330,14,5,7,north,009,-2
7,331,14,5,7,north,010,-2
7,332,14,5,7,north,009,-2
7,333,14,5,7,south,007,1
7,334,14,5,7,west,006,1
7,335,14,5,7,west,010,-2
7,336,13,5,7,west,001,1
7,337,13,5,7,south,005,1
7,338,13,5,6,south,002,1
7,339,13,5,6,east,005,1
7,340,13,5,6,west,007,1
7,341,13,5,6,west,010,-2
7,342,13,6,6,west,003,1
7,343,13,6,6,west,009,-2
7,344,14,6,6,west,002,1
7,345,14,6,6,north,006,1
7,346,14,6,6,west,005,1
7,347,14,6,6,north,006,1
7,348,14,5,6,north,004,1
7,349,14,5,6,north,009,-2
7,350,14,5,6,north,004,-1
7,351,14,6,6,north,003,1
7,352,14,6,6,south,007,1
7,353,14,7,6,south,003,1
7,354,14,7,6,east,005,1
7,355,14,8,6,east,003,1
7,356,14,8,6,east,008,-1
7,357,14,8,6,east,009,-2
7,358,14,8,6,east,008,-1
7,359,14,8,6,north,005,1
7,360,14,8,5,north,001,1
7,361,14,8,5,east,006,1
7,362,14,8,5,east,009,-2
7,363,14,8,5,west,007,1
7,364,14,8,5,west,008,-1
7,365,14,8,5,south,005,1
7,366,14,8,5,south,009,-2
7,367,14,8,5,south,008,-1
7,368,14,8,5,south,009,-2
7,369,14,8,5,south,003,-10
7,370,14,8,4,south,002,1
7,371,14,8,4,east,005,1
7,372,14,8,4,east,003,-10
7,373,14,8,4,east,009,-2
7,374,14,8,4,south,006,1
7,375,14,8,4,south,009,-2
7,376,14,8,3,south,002,1
7,377,14,8,3,south,009,-2
7,378,14,7,3,south,004,1
7,379,14,7,3,west,006,1
7,380,14,7,3,east,007,1
7,381,14,7,3,west,007,1
7,382,13,7,3,west,001,1
7,383,13,7,3,west,009,-2
7,384,13,7,3,west,009,-2
7,385,13,7,3,north,006,1
7,386,13,7,3,north,009,-2
7,387,13,7,3,north,010,-2
7,388,13,7,3,west,005,1
7,389,13,7,3,west,009,-2
7,390,13,7,3,south,005,1
7,391,13,7,3,south,009,-2
7,392,13,7,3,south,008,-1
7,393,13,7,3,south,010,-2
7,394,13,7,3,west,006,1
7,395,13,8,3,west,003,1
7,396,13,8,3,west,003,-10
7,397,14,8,3,west,002,1
7,398,14,8,3,north,006,1
7,399,14,8,3,north,003,-10
8,0,0,0,0,east,010,-2
8,1,0,0,0,north,005,1
8,2,0,0,0,south,007,1
8,3,0,0,1,south,001,1
8,4,0,0,1,south,010,-2
8,5,0,0,1,south,009,-2
8,6,0,0,0,south,002,1
8,7,0,0,0,south,004,-10
8,8,0,0,0,north,007,1
8,9,0,0,0,north,008,-10
8,10,0,0,0,west,005,1
8,11,0,0,0,west,001,-10
8,12,0,0,0,south,005,1
8,13,0,0,0,south,008,-1
8,14,0,0,0,west,006,1
8,15,0,0,0,north,006,1
8,16,0,0,0,south,007,1
8,17,0,0,0,south,002,-10
8,18,0,0,1,south,001,1
8,19,0,0,1,south,009,-2
8,20,0,0,1,south,010,-2
8,21,0,0,2,south,001,1
8,22,0,0,2,south,010,-2
8,23,0,0,2,south,004,-10
8,24,0,0,2,south,009,-2
8,25,0,0,2,south,008,-1
8,26,0,0,2,east,005,1
8,27,0,0,2,north,005,1
8,28,0,0,2,west,005,1
8,29,1,0,2,west,002,1
8,30,1,0,2,south,005,1
8,31,1,0,2,south,009,-2
8,32,1,0,2,east,005,1
8,33,1,0,2,east,004,-10
8,34,0,0,2,east,002,1
8,35,0,0,2,east,008,-1
8,36,0,0,2,west,007,1
8,37,0,0,2,west,010,-10
8,38,1,0,2,west,002,1
8,39,1,0,2,west,010,-2
8,40,1,0,2,west,004,-10
8,41,1,0,2,west,009,-2
8,42,1,0,2,west,009,-2
8,43,0,0,2,west,001,1
8,44,0,0,2,east,007,1
8,45,0,0,2,north,005,1
8,46,0,0,2,north,009,-2
8,47,0,0,3,north,002,1
8,48,0,0,3,north,009,-2
8,49,0,0,3,south,007,1
8,50,0,0,3,south,008,-1
8,51,0,0,3,east,005,1
8,52,0,0,3,east,004,-10
8,53,0,1,3,east,003,1
8,54,0,1,3,east,002,-10
8,55,0,1,3,west,007,1
8,56,0,0,3,west,004,1
8,57,0,0,3,west,009,-10
8,58,0,0,3,west,004,-10
8,59,0,0,3,west,009,-10
8,60,0,0,3,west,001,-10
8,61,0,0,3,south,005,1
8,62,0,0,3,south,009,-2
8,63,0,0,3,south,010,-2
8,64,0,0,2,south,002,1
8,65,0,0,2,west,006,1
8,66,0,0,2,west,009,-10
8,67,0,0,2,north,006,1
8,68,0,0,1,north,001,1
8,69,0,0,2,north,002,1
8,70,0,1,2,north,003,1
8,71,0,1,3,north,002,1
8,72,0,1,3,north,008,-1
8,73,0,1,3,east,006,1
8,74,0,1,3,east,010,-2
8,75,0,0,3,east,004,1
8,76,0,0,3,east,009,-2
8,77,1,0,3,east,001,1
8,78,1,0,3,east,008,-1
8,79,1,0,3,east,008,-1
8,80,1,0,3,east,004,-10
8,81,0,0,3,east,002,1
8,82,0,0,3,south,006,1
8,83,0,0,2,south,002,1
8,84,0,0,2,north,007,1
8,85,0,0,2,north,009,-2
8,86,0,0,2,west,005,1
8,87,0,0,2,north,006,1
8,88,0,0,2,north,009,-2
8,89,0,0,2,south,007,1
8,90,0,1,2,south,003,1
8,91,0,1,3,south,001,1
8,92,0,1,3,west,006,1
8,93,0,0,3,west,004,1
8,94,0,0,3,west,004,-10
8,95,0,0,3,east,007,1
8,96,0,0,3,south,006,1
8,97,0,0,3,south,008,-1
8,98,0,0,3,south,009,-2
8,99,0,0,3,west,006,1
8,100,0,1,3,west,003,1
8,101,0,1,3,west,001,-10
8,102,0,1,3,north,006,1
8,103,0,1,3,east,006,1
8,104,1,1,3,east,001,1
8,105,1,1,3,west,007,1
8,106,1,2,3,west,003,1
8,107,1,2,3,west,010,-2
8,108,1,2,3,west,010,-2
8,109,1,2,3,east,007,1
8,110,1,2,3,east,009,-2
8,111,1,2,3,north,005,1
8,112,1,2,3,south,007,1
8,113,1,2,3,east,005,1
8,114,1,2,3,south,006,1
8,115,1,2,3,east,005,1
8,116,1,2,3,south,006,1
8,117,1,2,2,south,002,1
8,118,1,2,2,west,006,1
8,119,1,2,2,west,010,-2
8,120,1,2,2,west,009,-2
8,121,1,2,2,south,005,1
8,122,1,2,1,south,002,1
8,123,1,2,1,south,010,-2
8,124,1,2,1,north,007,1
8,125,1,2,1,north,010,-2
8,126,1,1,1,north,004,1
8,127,1,1,1,north,008,-1
8,128,1,1,1,north,008,-1
8,129,1,2,1,north,003,1
8,130,1,2,1,west,005,1
8,131,2,2,1,west,002,1
8,132,2,1,1,west,004,1
8,133,2,1,1,west,009,-2
8,134,2,2,1,west,003,1
8,135,2,2,1,south,005,1
8,136,2,2,1,north,007,1
8,137,2,3,1,north,003,1
8,138,2,3,2,north,002,1
8,139,2,3,2,north,009,-2
8,140,2,2,2,north,004,1
8,141,2,2,2,north,009,-2
8,142,2,2,2,north,010,-2
8,143,2,2,2,north,010,-2
8,144,2,2,2,north,008,-1
8,145,2,2,3,north,002,1
8,146,2,1,3,north,004,1
8,147,2,1,4,north,002,1
8,148,2,1,4,north,010,-2
8,149,2,1,4,north,010,-2
8,150,2,1,4,north,008,-1
8,151,2,1,4,south,007,1
8,152,2,1,4,north,007,1
8,153,2,1,5,north,002,1
8,154,2,2,5,north,003,1
8,155,2,3,5,north,003,1
8,156,2,4,5,north,003,1
8,157,2,4,5,east,006,1
8,158,1,4,5,east,002,1
8,159,1,4,5,east,010,-2
8,160,1,4,5,east,009,-2
8,161,1,4,5,east,008,-1
8,162,1,4,5,west,007,1
8,163,1,3,5,west,004,1
8,164,1,3,5,west,008,-1
8,165,1,3,5,west,010,-2
8,166,1,3,5,west,009,-2
8,167,1,3,5,west,008,-1
8,168,1,3,5,west,009,-2
8,169,1,3,5,west,009,-2
8,170,1,3,5,west,008,-1
8,171,1,3,5,east,007,1
8,172,1,3,5,east,009,-2
8,173,1,3,5,east,008,-1
8,174,1,3,5,east,009,-2
8,175,2,3,5,east,001,1
8,176,2,3,5,north,005,1
8,177,2,3,5,south,007,1
8,178,2,3,5,south,009,-2
8,179,2,3,5,south,009,-2
8,180,2,4,5,south,003,1
8,181,2,4,5,south,009,-2
8,182,2,4,5,north,007,1
8,183,2,4,5,south,007,1
8,184,2,4,5,south,009,-2
8,185,2,4,5,east,005,1
8,186,1,4,5,east,002,1
8,187,1,4,5,west,007,1
8,188,2,4,5,west,002,1
8,189,3,4,5,west,002,1
8,190,3,4,5,south,005,1
8,191,3,4,5,north,007,1
8,192,3,4,5,east,006,1
8,193,3,4,5,east,009,-2
8,194,4,4,5,east,001,1
8,195,3,4,5,east,002,1
8,196,3,4,5,south,006,1
8,197,3,4,5,south,009,-2
8,198,3,4,5,south,008,-1
8,199,3,3,5,south,004,1
8,200,3,2,5,south,004,1
8,201,3,2,5,south,010,-2
8,202,3,2,5,south,009,-2
8,203,3,2,6,south,001,1
8,204,3,2,6,south,009,-2
8,205,3,2,6,west,006,1
8,206,3,2,6,west,010,-2
8,207,2,2,6,west,001,1
8,208,2,2,6,west,009,-2
8,209,2,2,6,east,007,1
8,210,2,2,6,east,008,-1
8,211,2,2,6,east,008,-1
8,212,2,2,6,west,007,1
8,213,2,2,6,west,010,-2
8,214,2,2,6,west,010,-2
8,215,2,2,6,south,005,1
8,216,2,1,6,south,004,1
8,217,2,1,7,south,001,1
8,218,2,1,7,south,010,-2
8,219,2,1,7,east,005,1
8,220,2,1,7,east,009,-2
8,221,2,1,7,south,006,1
8,222,2,1,6,south,002,1
8,223,2,2,6,south,003,1
8,224,2,2,6,south,009,-2
8,225,2,2,6,south,009,-2
8,226,2,2,6,south,008,-1
8,227,2,2,6,south,010,-2
8,228,2,1,6,south,004,1
8,229,2,1,6,south,008,-1
8,230,2,1,6,east,005,1
8,231,3,1,6,east,001,1
8,232,3,0,6,east,004,1
8,233,3,0,6,east,010,-2
8,234,3,0,6,south,006,1
8,235,3,0,7,south,001,1
8,236,3,0,7,north,007,1
8,237,3,0,7,west,005,1
8,238,3,0,7,south,005,1
8,239,3,1,7,south,003,1
8,240,3,0,7,south,004,1
8,241,3,1,7,south,003,1
8,242,3,0,7,south,004,1
8,243,3,0,7,south,009,-2
8,244,3,1,7,south,003,1
8,245,3,1,6,south,002,1
8,246,3,1,5,south,002,1
8,247,3,1,5,south,008,-1
8,248,3,1,5,east,005,1
8,249,3,1,5,north,005,1
8,250,3,1,5,south,007,1
8,251,3,1,5,south,009,-2
8,252,3,0,5,south,004,1
8,253,3,0,5,south,009,-2
8,254,3,1,5,south,003,1
8,255,3,2,5,south,003,1
8,256,3,2,6,south,001,1
8,257,3,2,6,south,008,-1
8,258,3,2,6,south,009,-2
8,259,3,2,6,south,010,-2
8,260,3,1,6,south,004,1
8,261,3,1,6,east,005,1
8,262,4,1,6,east,001,1
8,263,4,1,6,east,009,-2
8,264,4,1,6,east,009,-2
8,265,4,0,6,east,004,1
8,266,3,0,6,east,002,1
8,267,3,1,6,east,003,1
8,268,3,1,6,east,008,-1
8,269,3,0,6,east,004,1
8,270,3,0,6,east,004,-10
8,271,3,1,6,east,003,1
8,272,3,1,6,east,010,-2
8,273,3,1,6,south,006,1
8,274,3,1,6,south,009,-2
8,275,3,1,6,north,007,1
8,276,3,1,6,west,005,1
8,277,3,1,6,north,006,1
8,278,3,2,6,north,003,1
8,279,3,2,6,west,005,1
8,280,3,2,6,north,006,1
8,281,3,3,6,north,003,1
8,282,3,3,6,north,009,-2
8,283,3,3,6,north,008,-1
8,284,3,3,6,west,005,1
8,285,3,3,6,south,005,1
8,286,3,3,6,south,010,-2
8,287,3,3,6,east,005,1
8,288,4,3,6,east,001,1
8,289,4,4,6,east,003,1
8,290,3,4,6,east,002,1
8,291,3,3,6,east,004,1
8,292,3,3,6,east,009,-2
8,293,3,3,6,north,005,1
8,294,3,3,6,south,007,1
8,295,3,3,6,south,009,-2
8,296,3,3,6,west,006,1
8,297,3,3,6,west,009,-2
8,298,3,3,6,west,008,-1
8,299,3,2,6,west,004,1
8,300,3,2,6,north,006,1
8,301,3,2,6,north,009,-2
8,302,3,2,5,north,001,1
8,303,3,2,6,north,002,1
8,304,3,2,6,north,008,-1
8,305,3,3,6,north,003,1
8,306,3,3,6,west,005,1
8,307,2,3,6,west,001,1
8,308,3,3,6,west,002,1
8,309,3,2,6,west,004,1
8,310,3,2,6,south,005,1
8,311,3,2,6,west,006,1
8,312,3,3,6,west,003,1
8,313,3,3,6,east,007,1
8,314,2,3,6,east,002,1
8,315,2,2,6,east,004,1
8,316,2,2,6,west,007,1
8,317,2,2,6,north,006,1
8,318,2,2,6,west,005,1
8,319,2,1,6,west,004,1
8,320,2,1,6,west,009,-2
8,321,2,0,6,west,004,1
8,322,2,0,6,south,005,1
8,323,2,0,6,south,008,-1
8,324,2,0,6,south,004,-10
8,325,2,0,6,south,010,-2
8,326,2,0,7,south,001,1
8,327,2,0,7,west,006,1
8,328,2,0,7,east,007,1
8,329,2,0,7,east,008,-1
8,330,2,0,7,east,008,-1
8,331,2,0,7,east,004,-10
8,332,2,0,7,north,005,1
8,333,2,0,7,south,007,1
8,334,2,0,7,south,004,-10
8,335,2,0,7,south,008,-1
8,336,2,0,7,west,006,1
8,337,2,0,7,west,004,-10
8,338,2,0,7,north,006,1
8,339,2,0,7,north,004,-10
8,340,2,0,7,north,004,-10
8,341,2,0,8,north,002,1
8,342,2,0,8,north,010,-2
8,343,2,0,9,north,002,1
8,344,2,0,9,south,007,1
8,345,2,0,8,south,002,1
8,346,2,0,8,south,009,-2
8,347,2,0,8,east,005,1
8,348,1,0,8,east,002,1
8,349,1,0,8,west,007,1
8,350,1,0,8,west,010,-2
8,351,1,0,8,south,005,1
8,352,1,0,7,south,002,1
8,353,1,0,7,east,005,1
8,354,1,0,7,east,009,-2
8,355,1,0,7,east,008,-1
8,356,0,0,7,east,002,1
8,357,0,0,7,east,002,-10
8,358,0,0,7,west,007,1
8,359,0,0,7,north,006,1
8,360,0,0,7,west,005,1
8,361,1,0,7,west,002,1
8,362,1,0,7,south,005,1
8,363,1,0,6,south,002,1
8,364,1,0,6,west,006,1
8,365,0,0,6,west,001,1
8,366,0,0,6,west,010,-10
8,367,0,0,6,west,009,-10
8,368,0,0,6,west,001,-10
8,369,0,0,6,north,006,1
8,370,0,0,6,north,004,-10
8,371,0,0,6,north,004,-10
8,372,0,0,6,north,010,-2
8,373,0,0,6,north,010,-2
8,374,0,0,6,north,009,-2
8,375,0,0,6,north,010,-2
8,376,0,0,6,north,004,-10
8,377,0,1,6,north,003,1
8,378,0,1,5,north,001,1
8,379,0,1,5,south,007,1
8,380,0,2,5,south,003,1
8,381,0,2,5,east,005,1
8,382,0,2,5,east,009,-2
8,383,0,3,5,east,003,1
8,384,0,3,5,south,006,1
8,385,0,3,5,south,009,-2
8,386,0,3,5,south,008,-1
8,387,0,2,5,south,004,1
8,388,0,2,5,north,007,1
8,389,0,2,5,south,007,1
8,390,0,3,5,south,003,1
8,391,0,3,5,north,007,1
8,392,0,3,5,north,008,-1
8,393,0,3,6,north,002,1
8,394,0,2,6,north,004,1
8,395,0,2,5,north,001,1
8,396,0,3,5,north,003,1
8,397,0,3,5,north,009,-2
8,398,0,4,5,north,003,1
8,399,0,3,5,north,004,1
9,0,0,0,0,east,002,-10
9,1,0,0,0,west,007,1
9,2,0,0,0,west,008,-10
9,3,0,0,0,north,006,1
9,4,0,1,0,north,003,1
9,5,0,1,0,south,007,1
9,6,0,1,1,south,001,1
9,7,0,1,2,south,001,1
9,8,0,1,2,south,008,-1
9,9,0,1,2,east,005,1
9,10,0,1,2,east,002,-10
9,11,0,1,2,east,009,-2
9,12,0,1,2,south,006,1
9,13,0,1,2,south,008,-1
9,14,0,1,2,north,007,1
9,15,0,1,2,west,005,1
9,16,0,1,2,west,009,-10
9,17,0,1,2,west,009,-10
9,18,0,1,2,west,008,-10
9,19,0,1,2,north,006,1
9,20,0,1,2,south,007,1
9,21,0,2,2,south,003,1
9,22,0,2,1,south,002,1
9,23,0,1,1,south,004,1
9,24,0,1,1,south,010,-2
9,25,0,1,1,west,006,1
9,26,1,1,1,west,002,1
9,27,1,2,1,west,003,1
9,28,1,2,1,north,006,1
9,29,1,2,1,north,008,-1
9,30,1,2,0,north,001,1
9,31,1,2,0,north,010,-10
9,32,1,2,0,north,001,-10
9,33,1,2,0,north,010,-10
9,34,1,2,0,south,007,1
9,35,1,2,0,south,009,-2
9,36,1,2,0,south,009,-2
9,37,1,2,1,south,001,1
9,38,1,2,1,north,007,1
9,39,1,2,1,south,007,1
9,40,1,2,2,south,001,1
9,41,1,2,2,east,005,1
9,42,1,2,2,east,008,-1
9,43,1,1,2,east,004,1
9,44,1,1,2,east,008,-1
9,45,1,0,2,east,004,1
9,46,1,0,2,east,008,-1
9,47,1,0,2,east,008,-1
9,48,1,0,2,east,009,-2
9,49,2,0,2,east,001,1
9,50,1,0,2,east,002,1
9,51,1,0,2,north,005,1
9,52,1,0,1,north,001,1
9,53,1,0,1,north,004,-10
9,54,1,0,1,west,005,1
9,55,1,1,1,west,003,1
9,56,1,1,1,west,009,-2
9,57,1,0,1,west,004,1
9,58,1,0,1,east,007,1
9,59,1,0,1,east,009,-2
9,60,1,0,1,east,010,-2
9,61,1,0,1,north,005,1
9,62,1,0,0,north,001,1
9,63,1,0,0,south,007,1
9,64,1,0,0,east,005,1
9,65,1,0,0,west,007,1
9,66,1,0,0,west,010,-2
9,67,1,0,0,west,009,-2
9,68,1,0,0,south,005,1
9,69,1,1,0,south,003,1
9,70,1,1,0,south,002,-10
9,71,1,1,0,east,005,1
9,72,1,1,0,south,006,1
9,73,1,1,0,south,010,-2
9,74,1,1,0,west,006,1
9,75,0,1,0,west,001,1
9,76,0,2,0,west,003,1
9,77,0,2,0,west,009,-10
9,78,1,2,0,west,002,1
9,79,1,3,0,west,003,1
9,80,1,3,0,west,008,-1
9,81,1,3,0,west,008,-1
9,82,0,3,0,west,001,1
9,83,0,3,0,west,001,-10
9,84,0,3,0,east,007,1
9,85,0,4,0,east,003,1
9,86,0,4,0,east,010,-2
9,87,0,5,0,east,003,1
9,88,1,5,0,east,001,1
9,89,1,5,0,north,005,1
9,90,1,5,0,east,006,1
9,91,1,5,0,east,010,-2
9,92,1,5,0,south,006,1
9,93,1,5,0,south,002,-10
9,94,1,4,0,south,004,1
9,95,1,4,0,west,006,1
9,96,1,4,0,west,009,-2
9,97,1,3,0,west,004,1
9,98,1,4,0,west,003,1
9,99,1,4,0,north,006,1
9,100,1,5,0,north,003,1
9,101,1,5,0,west,005,1
9,102,1,5,0,south,005,1
9,103,1,5,0,east,005,1
9,104,1,5,0,east,008,-1
9,105,1,5,0,south,006,1
9,106,1,4,0,south,004,1
9,107,1,4,0,south,002,-10
9,108,1,4,0,west,006,1
9,109,1,4,0,west,009,-2
9,110,1,4,0,east,007,1
9,111,1,4,0,east,009,-2
9,112,1,4,0,north,005,1
9,113,1,4,0,east,006,1
9,114,1,4,0,west,007,1
9,115,0,4,0,west,001,1
9,116,1,4,0,west,002,1
9,117,0,4,0,west,001,1
9,118,0,4,0,west,009,-10
9,119,0,4,0,west,001,-10
9,120,0,4,0,south,005,1
9,121,0,4,0,north,007,1
9,122,0,5,0,north,003,1
9,123,0,5,0,west,005,1
9,124,0,5,0,west,010,-10
9,125,0,5,0,west,010,-10
9,126,1,5,0,west,002,1
9,127,1,5,0,east,007,1
9,128,1,5,0,east,008,-1
9,129,1,5,0,south,006,1
9,130,1,5,1,south,001,1
9,131,1,5,0,south,002,1
9,132,1,5,0,west,006,1
9,133,1,5,0,south,005,1
9,134,1,5,0,south,009,-2
9,135,1,5,0,south,010,-2
9,136,1,5,0,west,006,1
9,137,1,5,0,west,009,-2
9,138,1,5,0,west,010,-2
9,139,0,5,0,west,001,1
9,140,0,5,0,west,001,-10
9,141,0,5,0,south,005,1
9,142,0,5,0,south,002,-10
9,143,0,5,0,south,009,-2
9,144,0,5,0,south,010,-2
9,145,0,5,0,south,002,-10
9,146,0,6,0,south,003,1
9,147,0,5,0,south,004,1
9,148,0,5,0,south,009,-2
9,149,0,5,0,west,006,1
9,150,0,5,0,south,005,1
9,151,0,5,0,south,002,-10
9,152,0,5,0,south,008,-1
9,153,0,5,0,north,007,1
9,154,0,5,0,west,005,1
9,155,0,5,0,south,005,1
9,156,0,5,0,east,005,1
9,157,0,5,0,south,006,1
9,158,0,5,1,south,001,1
9,159,0,5,2,south,001,1
9,160,0,5,1,south,002,1
9,161,0,4,1,south,004,1
9,162,0,5,1,south,003,1
9,163,0,5,1,south,010,-2
9,164,0,5,0,south,002,1
9,165,0,5,0,south,009,-2
9,166,0,5,1,south,001,1
9,167,0,6,1,south,003,1
9,168,0,6,0,south,002,1
9,169,0,6,0,south,009,-2
